This is XeTeX, Version 3.141592653-2.6-0.999997 (MiKTeX 25.4) (preloaded format=xelatex 2025.12.10)  17 DEC 2025 11:44
entering extended mode
 restricted \write18 enabled.
 %&-line parsing enabled.
**./page.tex
(page.tex
LaTeX2e <2025-11-01>
L3 programming layer <2025-11-06>
! Undefined control sequence.
l.1 \fancyhf
            {}
The control sequence at the end of the top line
of your error message was never \def'ed. If you have
misspelled it (e.g., `\hobx'), type `I' and the correct
spelling (e.g., `I\hbox'). Otherwise just continue,
and I'll forget about whatever was undefined.

! Undefined control sequence.
l.3 \fancyfoot
              [L]{\textbf{\thepage}}
The control sequence at the end of the top line
of your error message was never \def'ed. If you have
misspelled it (e.g., `\hobx'), type `I' and the correct
spelling (e.g., `I\hbox'). Otherwise just continue,
and I'll forget about whatever was undefined.


! LaTeX Error: Missing \begin{document}.

See the LaTeX manual or LaTeX Companion for explanation.
Type  H <return>  for immediate help.
 ...                                              
                                                  
l.3 \fancyfoot[
               L]{\textbf{\thepage}}
You're in trouble here.  Try typing  <return>  to proceed.
If that doesn't work, type  X <return>  to quit.

Missing character: There is no [ in font nullfont!
Missing character: There is no L in font nullfont!
Missing character: There is no ] in font nullfont!
! Undefined control sequence.
<recently read> \thepage 
                         
l.3 \fancyfoot[L]{\textbf{\thepage}
                                   }
The control sequence at the end of the top line
of your error message was never \def'ed. If you have
misspelled it (e.g., `\hobx'), type `I' and the correct
spelling (e.g., `I\hbox'). Otherwise just continue,
and I'll forget about whatever was undefined.

! Undefined control sequence.
l.4 \newgeometry
                {top=0.7cm, bottom=1.8cm, left=3.3cm, right=3.5cm}
The control sequence at the end of the top line
of your error message was never \def'ed. If you have
misspelled it (e.g., `\hobx'), type `I' and the correct
spelling (e.g., `I\hbox'). Otherwise just continue,
and I'll forget about whatever was undefined.

Missing character: There is no t in font nullfont!
Missing character: There is no o in font nullfont!
Missing character: There is no p in font nullfont!
Missing character: There is no = in font nullfont!
Missing character: There is no 0 in font nullfont!
Missing character: There is no . in font nullfont!
Missing character: There is no 7 in font nullfont!
Missing character: There is no c in font nullfont!
Missing character: There is no m in font nullfont!
Missing character: There is no , in font nullfont!
Missing character: There is no b in font nullfont!
Missing character: There is no o in font nullfont!
Missing character: There is no t in font nullfont!
Missing character: There is no t in font nullfont!
Missing character: There is no o in font nullfont!
Missing character: There is no m in font nullfont!
Missing character: There is no = in font nullfont!
Missing character: There is no 1 in font nullfont!
Missing character: There is no . in font nullfont!
Missing character: There is no 8 in font nullfont!
Missing character: There is no c in font nullfont!
Missing character: There is no m in font nullfont!
Missing character: There is no , in font nullfont!
Missing character: There is no l in font nullfont!
Missing character: There is no e in font nullfont!
Missing character: There is no f in font nullfont!
Missing character: There is no t in font nullfont!
Missing character: There is no = in font nullfont!
Missing character: There is no 3 in font nullfont!
Missing character: There is no . in font nullfont!
Missing character: There is no 3 in font nullfont!
Missing character: There is no c in font nullfont!
Missing character: There is no m in font nullfont!
Missing character: There is no , in font nullfont!
Missing character: There is no r in font nullfont!
Missing character: There is no i in font nullfont!
Missing character: There is no g in font nullfont!
Missing character: There is no h in font nullfont!
Missing character: There is no t in font nullfont!
Missing character: There is no = in font nullfont!
Missing character: There is no 3 in font nullfont!
Missing character: There is no . in font nullfont!
Missing character: There is no 5 in font nullfont!
Missing character: There is no c in font nullfont!
Missing character: There is no m in font nullfont!

Overfull \hbox (20.0pt too wide) in paragraph at lines 3--5
[]
 []


! LaTeX Error: Environment multicols* undefined.

See the LaTeX manual or LaTeX Companion for explanation.
Type  H <return>  for immediate help.
 ...                                              
                                                  
l.6 \begin{multicols*}
                      {2}
Your command was ignored.
Type  I <command> <return>  to replace it with another command,
or  <return>  to continue without it.


! LaTeX Error: Missing \begin{document}.

See the LaTeX manual or LaTeX Companion for explanation.
Type  H <return>  for immediate help.
 ...                                              
                                                  
l.6 \begin{multicols*}{2
                        }
You're in trouble here.  Try typing  <return>  to proceed.
If that doesn't work, type  X <return>  to quit.

Missing character: There is no 2 in font nullfont!

! LaTeX Error: No counter 'figure' defined.

See the LaTeX manual or LaTeX Companion for explanation.
Type  H <return>  for immediate help.
 ...                                              
                                                  
l.7 \setcounter{figure}{1}
                          
Your command was ignored.
Type  I <command> <return>  to replace it with another command,
or  <return>  to continue without it.


! LaTeX Error: Environment figure undefined.

See the LaTeX manual or LaTeX Companion for explanation.
Type  H <return>  for immediate help.
 ...                                              
                                                  
l.8 \begin{figure}
                  [H]
Your command was ignored.
Type  I <command> <return>  to replace it with another command,
or  <return>  to continue without it.

Missing character: There is no [ in font nullfont!
Missing character: There is no H in font nullfont!
Missing character: There is no ] in font nullfont!
! Undefined control sequence.
<argument> \includegraphics 
                            [width=0.95\linewidth ]{1.png}
l.10 ...ludegraphics[width=0.95\linewidth]{1.png}}
                                                  
The control sequence at the end of the top line
of your error message was never \def'ed. If you have
misspelled it (e.g., `\hobx'), type `I' and the correct
spelling (e.g., `I\hbox'). Otherwise just continue,
and I'll forget about whatever was undefined.

Missing character: There is no [ in font nullfont!
Missing character: There is no w in font nullfont!
Missing character: There is no i in font nullfont!
Missing character: There is no d in font nullfont!
Missing character: There is no t in font nullfont!
Missing character: There is no h in font nullfont!
Missing character: There is no = in font nullfont!
Missing character: There is no 0 in font nullfont!
Missing character: There is no . in font nullfont!
Missing character: There is no 9 in font nullfont!
Missing character: There is no 5 in font nullfont!
! Missing number, treated as zero.
<to be read again> 
                   ]
l.10 ...ludegraphics[width=0.95\linewidth]{1.png}}
                                                  
A number should have been here; I inserted `0'.
(If you can't figure out why I needed to see a number,
look up `weird error' in the index to The TeXbook.)

! Illegal unit of measure (pt inserted).
<to be read again> 
                   ]
l.10 ...ludegraphics[width=0.95\linewidth]{1.png}}
                                                  
Dimensions can be in units of em, ex, in, pt, pc,
cm, mm, dd, cc, bp, or sp; but yours is a new one!
I'll assume that you meant to say pt, for printer's points.
To recover gracefully from this error, it's best to
delete the erroneous units; e.g., type `2' to delete
two letters. (See Chapter 27 of The TeXbook.)

Missing character: There is no ] in font nullfont!
Missing character: There is no 1 in font nullfont!
Missing character: There is no . in font nullfont!
Missing character: There is no p in font nullfont!
Missing character: There is no n in font nullfont!
Missing character: There is no g in font nullfont!

! LaTeX Error: \caption outside float.

See the LaTeX manual or LaTeX Companion for explanation.
Type  H <return>  for immediate help.
 ...                                              
                                                  
l.11 ^^I\caption
                [Рис. 2]{}
You're in trouble here.  Try typing  <return>  to proceed.
If that doesn't work, type  X <return>  to quit.

Missing character: There is no [ in font nullfont!
Missing character: There is no Р in font nullfont!
Missing character: There is no и in font nullfont!
Missing character: There is no с in font nullfont!
Missing character: There is no . in font nullfont!
Missing character: There is no 2 in font nullfont!
Missing character: There is no ] in font nullfont!

! LaTeX Error: \begin{document} ended by \end{figure}.

See the LaTeX manual or LaTeX Companion for explanation.
Type  H <return>  for immediate help.
 ...                                              
                                                  
l.12 \end{figure}
                 
Your command was ignored.
Type  I <command> <return>  to replace it with another command,
or  <return>  to continue without it.


Overfull \hbox (20.0pt too wide) in paragraph at lines 6--13
[]
 []


Overfull \hbox (6.79999pt too wide) in paragraph at lines 6--13
[]
 []


! LaTeX Error: Missing \begin{document}.

See the LaTeX manual or LaTeX Companion for explanation.
Type  H <return>  for immediate help.
 ...                                              
                                                  
l.14 \noindent
              
You're in trouble here.  Try typing  <return>  to proceed.
If that doesn't work, type  X <return>  to quit.

Missing character: There is no т in font nullfont!
Missing character: There is no е in font nullfont!
Missing character: There is no л in font nullfont!
Missing character: There is no ь in font nullfont!
Missing character: There is no н in font nullfont!
Missing character: There is no о in font nullfont!
Missing character: There is no у in font nullfont!
Missing character: There is no д in font nullfont!
Missing character: There is no о in font nullfont!
Missing character: There is no в in font nullfont!
Missing character: There is no л in font nullfont!
Missing character: There is no е in font nullfont!
Missing character: There is no т in font nullfont!
Missing character: There is no в in font nullfont!
Missing character: There is no о in font nullfont!
Missing character: There is no р in font nullfont!
Missing character: There is no я in font nullfont!
Missing character: There is no е in font nullfont!
Missing character: There is no т in font nullfont!
Missing character: There is no - in font nullfont!
Missing character: There is no - in font nullfont!
Missing character: There is no - in font nullfont!
Missing character: There is no и in font nullfont!
Missing character: There is no п in font nullfont!
Missing character: There is no р in font nullfont!
Missing character: There is no о in font nullfont!
Missing character: There is no и in font nullfont!
Missing character: There is no з in font nullfont!
Missing character: There is no в in font nullfont!
Missing character: There is no е in font nullfont!
Missing character: There is no д in font nullfont!
Missing character: There is no е in font nullfont!
Missing character: There is no н in font nullfont!
Missing character: There is no и in font nullfont!
Missing character: There is no е in font nullfont!
Missing character: There is no , in font nullfont!
Missing character: There is no и in font nullfont!
Missing character: There is no с in font nullfont!
Missing character: There is no у in font nullfont!
Missing character: There is no м in font nullfont!
Missing character: There is no м in font nullfont!
Missing character: There is no а in font nullfont!
Missing character: There is no м in font nullfont!
Missing character: There is no а in font nullfont!
Missing character: There is no с in font nullfont!
Missing character: There is no с in font nullfont!
Missing character: There is no я in font nullfont!
Missing character: There is no в in font nullfont!
Missing character: There is no л in font nullfont!
Missing character: There is no я in font nullfont!
Missing character: There is no ю in font nullfont!
Missing character: There is no т in font nullfont!
Missing character: There is no с in font nullfont!
Missing character: There is no я in font nullfont!
Missing character: There is no с in font nullfont!
Missing character: There is no и in font nullfont!
Missing character: There is no м in font nullfont!
Missing character: There is no м in font nullfont!
Missing character: There is no е in font nullfont!
Missing character: There is no т in font nullfont!
Missing character: There is no р in font nullfont!
Missing character: There is no и in font nullfont!
Missing character: There is no ч in font nullfont!
Missing character: There is no н in font nullfont!
Missing character: There is no ы in font nullfont!
Missing character: There is no м in font nullfont!
Missing character: There is no и in font nullfont!
Missing character: There is no к in font nullfont!
Missing character: There is no о in font nullfont!
Missing character: There is no м in font nullfont!
Missing character: There is no б in font nullfont!
Missing character: There is no и in font nullfont!
Missing character: There is no н in font nullfont!
Missing character: There is no а in font nullfont!
Missing character: There is no ц in font nullfont!
Missing character: There is no и in font nullfont!
Missing character: There is no я in font nullfont!
Missing character: There is no м in font nullfont!
Missing character: There is no и in font nullfont!
Missing character: There is no п in font nullfont!
Missing character: There is no а in font nullfont!
Missing character: There is no р in font nullfont!
Missing character: There is no а in font nullfont!
Missing character: There is no м in font nullfont!
Missing character: There is no е in font nullfont!
Missing character: There is no т in font nullfont!
Missing character: There is no р in font nullfont!
Missing character: There is no о in font nullfont!
Missing character: There is no в in font nullfont!
LaTeX Font Info:    External font `cmex10' loaded for size
(Font)              <7> on input line 15.
LaTeX Font Info:    External font `cmex10' loaded for size
(Font)              <5> on input line 15.
Missing character: There is no и in font nullfont!
Missing character: There is no . in font nullfont!

Overfull \hbox (13.26627pt too wide) in paragraph at lines 14--16
            $\OML/cmm/m/it/10 m[]$
 []


Overfull \hbox (13.26627pt too wide) in paragraph at lines 14--16
\OML/cmm/m/it/10 m[]$ 
 []


! LaTeX Error: Missing \begin{document}.

See the LaTeX manual or LaTeX Companion for explanation.
Type  H <return>  for immediate help.
 ...                                              
                                                  
l.17 \par П
           риведем ещё олин пример, где есть подобная симметрия.
You're in trouble here.  Try typing  <return>  to proceed.
If that doesn't work, type  X <return>  to quit.

Missing character: There is no П in font nullfont!
Missing character: There is no р in font nullfont!
Missing character: There is no и in font nullfont!
Missing character: There is no в in font nullfont!
Missing character: There is no е in font nullfont!
Missing character: There is no д in font nullfont!
Missing character: There is no е in font nullfont!
Missing character: There is no м in font nullfont!
Missing character: There is no е in font nullfont!
Missing character: There is no щ in font nullfont!
Missing character: There is no ё in font nullfont!
Missing character: There is no о in font nullfont!
Missing character: There is no л in font nullfont!
Missing character: There is no и in font nullfont!
Missing character: There is no н in font nullfont!
Missing character: There is no п in font nullfont!
Missing character: There is no р in font nullfont!
Missing character: There is no и in font nullfont!
Missing character: There is no м in font nullfont!
Missing character: There is no е in font nullfont!
Missing character: There is no р in font nullfont!
Missing character: There is no , in font nullfont!
Missing character: There is no г in font nullfont!
Missing character: There is no д in font nullfont!
Missing character: There is no е in font nullfont!
Missing character: There is no е in font nullfont!
Missing character: There is no с in font nullfont!
Missing character: There is no т in font nullfont!
Missing character: There is no ь in font nullfont!
Missing character: There is no п in font nullfont!
Missing character: There is no о in font nullfont!
Missing character: There is no д in font nullfont!
Missing character: There is no о in font nullfont!
Missing character: There is no б in font nullfont!
Missing character: There is no н in font nullfont!
Missing character: There is no а in font nullfont!
Missing character: There is no я in font nullfont!
Missing character: There is no с in font nullfont!
Missing character: There is no и in font nullfont!
Missing character: There is no м in font nullfont!
Missing character: There is no м in font nullfont!
Missing character: There is no е in font nullfont!
Missing character: There is no т in font nullfont!
Missing character: There is no р in font nullfont!
Missing character: There is no и in font nullfont!
Missing character: There is no я in font nullfont!
Missing character: There is no . in font nullfont!

Overfull \hbox (20.0pt too wide) in paragraph at lines 17--18
[]
 []


! LaTeX Error: Missing \begin{document}.

See the LaTeX manual or LaTeX Companion for explanation.
Type  H <return>  for immediate help.
 ...                                              
                                                  
l.19 \par З
            а д а ч а \enspace 2.  \textit{Три конденсатора одинаковой емкос...

You're in trouble here.  Try typing  <return>  to proceed.
If that doesn't work, type  X <return>  to quit.

Missing character: There is no З in font nullfont!
Missing character: There is no а in font nullfont!
Missing character: There is no д in font nullfont!
Missing character: There is no а in font nullfont!
Missing character: There is no ч in font nullfont!
Missing character: There is no а in font nullfont!
Missing character: There is no 2 in font nullfont!
Missing character: There is no . in font nullfont!
Missing character: There is no Т in font [lmroman10-italic]:mapping=tex-text;!
Missing character: There is no р in font [lmroman10-italic]:mapping=tex-text;!
Missing character: There is no и in font [lmroman10-italic]:mapping=tex-text;!
Missing character: There is no к in font [lmroman10-italic]:mapping=tex-text;!
Missing character: There is no о in font [lmroman10-italic]:mapping=tex-text;!
Missing character: There is no н in font [lmroman10-italic]:mapping=tex-text;!
Missing character: There is no д in font [lmroman10-italic]:mapping=tex-text;!
Missing character: There is no е in font [lmroman10-italic]:mapping=tex-text;!
Missing character: There is no н in font [lmroman10-italic]:mapping=tex-text;!
Missing character: There is no с in font [lmroman10-italic]:mapping=tex-text;!
Missing character: There is no а in font [lmroman10-italic]:mapping=tex-text;!
Missing character: There is no т in font [lmroman10-italic]:mapping=tex-text;!
Missing character: There is no о in font [lmroman10-italic]:mapping=tex-text;!
Missing character: There is no р in font [lmroman10-italic]:mapping=tex-text;!
Missing character: There is no а in font [lmroman10-italic]:mapping=tex-text;!
Missing character: There is no о in font [lmroman10-italic]:mapping=tex-text;!
Missing character: There is no д in font [lmroman10-italic]:mapping=tex-text;!
Missing character: There is no и in font [lmroman10-italic]:mapping=tex-text;!
Missing character: There is no н in font [lmroman10-italic]:mapping=tex-text;!
Missing character: There is no а in font [lmroman10-italic]:mapping=tex-text;!
Missing character: There is no к in font [lmroman10-italic]:mapping=tex-text;!
Missing character: There is no о in font [lmroman10-italic]:mapping=tex-text;!
Missing character: There is no в in font [lmroman10-italic]:mapping=tex-text;!
Missing character: There is no о in font [lmroman10-italic]:mapping=tex-text;!
Missing character: There is no й in font [lmroman10-italic]:mapping=tex-text;!
Missing character: There is no е in font [lmroman10-italic]:mapping=tex-text;!
Missing character: There is no м in font [lmroman10-italic]:mapping=tex-text;!
Missing character: There is no к in font [lmroman10-italic]:mapping=tex-text;!
Missing character: There is no о in font [lmroman10-italic]:mapping=tex-text;!
Missing character: There is no с in font [lmroman10-italic]:mapping=tex-text;!
Missing character: There is no т in font [lmroman10-italic]:mapping=tex-text;!
Missing character: There is no и in font [lmroman10-italic]:mapping=tex-text;!
Missing character: There is no и in font [lmroman10-italic]:mapping=tex-text;!
Missing character: There is no м in font [lmroman10-italic]:mapping=tex-text;!
Missing character: There is no е in font [lmroman10-italic]:mapping=tex-text;!
Missing character: There is no ю in font [lmroman10-italic]:mapping=tex-text;!
Missing character: There is no т in font [lmroman10-italic]:mapping=tex-text;!
Missing character: There is no з in font [lmroman10-italic]:mapping=tex-text;!
Missing character: There is no а in font [lmroman10-italic]:mapping=tex-text;!
Missing character: There is no р in font [lmroman10-italic]:mapping=tex-text;!
Missing character: There is no я in font [lmroman10-italic]:mapping=tex-text;!
Missing character: There is no д in font [lmroman10-italic]:mapping=tex-text;!
Missing character: There is no ы in font [lmroman10-italic]:mapping=tex-text;!
Missing character: There is no и in font [lmroman10-italic]:mapping=tex-text;!
Missing character: There is no с in font [lmroman10-italic]:mapping=tex-text;!
Missing character: There is no о in font [lmroman10-italic]:mapping=tex-text;!
Missing character: There is no о in font [lmroman10-italic]:mapping=tex-text;!
Missing character: There is no т in font [lmroman10-italic]:mapping=tex-text;!
Missing character: There is no в in font [lmroman10-italic]:mapping=tex-text;!
Missing character: There is no е in font [lmroman10-italic]:mapping=tex-text;!
Missing character: There is no т in font [lmroman10-italic]:mapping=tex-text;!
Missing character: There is no с in font [lmroman10-italic]:mapping=tex-text;!
Missing character: There is no т in font [lmroman10-italic]:mapping=tex-text;!
Missing character: There is no в in font [lmroman10-italic]:mapping=tex-text;!
Missing character: There is no е in font [lmroman10-italic]:mapping=tex-text;!
Missing character: There is no н in font [lmroman10-italic]:mapping=tex-text;!
Missing character: There is no н in font [lmroman10-italic]:mapping=tex-text;!
Missing character: There is no о in font [lmroman10-italic]:mapping=tex-text;!
Missing character: There is no П in font [lmroman10-italic]:mapping=tex-text;!
Missing character: There is no о in font [lmroman10-italic]:mapping=tex-text;!
Missing character: There is no т in font [lmroman10-italic]:mapping=tex-text;!
Missing character: There is no о in font [lmroman10-italic]:mapping=tex-text;!
Missing character: There is no м in font [lmroman10-italic]:mapping=tex-text;!
Missing character: There is no и in font [lmroman10-italic]:mapping=tex-text;!
Missing character: There is no х in font [lmroman10-italic]:mapping=tex-text;!
Missing character: There is no с in font [lmroman10-italic]:mapping=tex-text;!
Missing character: There is no о in font [lmroman10-italic]:mapping=tex-text;!
Missing character: There is no е in font [lmroman10-italic]:mapping=tex-text;!
Missing character: There is no д in font [lmroman10-italic]:mapping=tex-text;!
Missing character: There is no и in font [lmroman10-italic]:mapping=tex-text;!
Missing character: There is no н in font [lmroman10-italic]:mapping=tex-text;!
Missing character: There is no я in font [lmroman10-italic]:mapping=tex-text;!
Missing character: There is no ю in font [lmroman10-italic]:mapping=tex-text;!
Missing character: There is no т in font [lmroman10-italic]:mapping=tex-text;!
Missing character: There is no к in font [lmroman10-italic]:mapping=tex-text;!
Missing character: There is no а in font [lmroman10-italic]:mapping=tex-text;!
Missing character: There is no к in font [lmroman10-italic]:mapping=tex-text;!
Missing character: There is no и in font [lmroman10-italic]:mapping=tex-text;!
Missing character: There is no з in font [lmroman10-italic]:mapping=tex-text;!
Missing character: There is no о in font [lmroman10-italic]:mapping=tex-text;!
Missing character: There is no б in font [lmroman10-italic]:mapping=tex-text;!
Missing character: There is no р in font [lmroman10-italic]:mapping=tex-text;!
Missing character: There is no а in font [lmroman10-italic]:mapping=tex-text;!
Missing character: There is no ж in font [lmroman10-italic]:mapping=tex-text;!
Missing character: There is no е in font [lmroman10-italic]:mapping=tex-text;!
Missing character: There is no н in font [lmroman10-italic]:mapping=tex-text;!
Missing character: There is no о in font [lmroman10-italic]:mapping=tex-text;!
Missing character: There is no н in font [lmroman10-italic]:mapping=tex-text;!
Missing character: There is no а in font [lmroman10-italic]:mapping=tex-text;!
Missing character: There is no р in font [lmroman10-italic]:mapping=tex-text;!
Missing character: There is no и in font [lmroman10-italic]:mapping=tex-text;!
Missing character: There is no с in font [lmroman10-italic]:mapping=tex-text;!
Missing character: There is no у in font [lmroman10-italic]:mapping=tex-text;!
Missing character: There is no н in font [lmroman10-italic]:mapping=tex-text;!
Missing character: There is no к in font [lmroman10-italic]:mapping=tex-text;!
Missing character: There is no е in font [lmroman10-italic]:mapping=tex-text;!
Missing character: There is no Н in font [lmroman10-italic]:mapping=tex-text;!
Missing character: There is no а in font [lmroman10-italic]:mapping=tex-text;!
Missing character: There is no й in font [lmroman10-italic]:mapping=tex-text;!
Missing character: There is no т in font [lmroman10-italic]:mapping=tex-text;!
Missing character: There is no и in font [lmroman10-italic]:mapping=tex-text;!
Missing character: There is no у in font [lmroman10-italic]:mapping=tex-text;!
Missing character: There is no с in font [lmroman10-italic]:mapping=tex-text;!
Missing character: There is no т in font [lmroman10-italic]:mapping=tex-text;!
Missing character: There is no а in font [lmroman10-italic]:mapping=tex-text;!
Missing character: There is no н in font [lmroman10-italic]:mapping=tex-text;!
Missing character: There is no о in font [lmroman10-italic]:mapping=tex-text;!
Missing character: There is no в in font [lmroman10-italic]:mapping=tex-text;!
Missing character: There is no и in font [lmroman10-italic]:mapping=tex-text;!
Missing character: There is no в in font [lmroman10-italic]:mapping=tex-text;!
Missing character: There is no ш in font [lmroman10-italic]:mapping=tex-text;!
Missing character: There is no и in font [lmroman10-italic]:mapping=tex-text;!
Missing character: There is no е in font [lmroman10-italic]:mapping=tex-text;!
Missing character: There is no с in font [lmroman10-italic]:mapping=tex-text;!
Missing character: There is no я in font [lmroman10-italic]:mapping=tex-text;!
Missing character: There is no з in font [lmroman10-italic]:mapping=tex-text;!
Missing character: There is no а in font [lmroman10-italic]:mapping=tex-text;!
Missing character: There is no р in font [lmroman10-italic]:mapping=tex-text;!
Missing character: There is no я in font [lmroman10-italic]:mapping=tex-text;!
Missing character: There is no д in font [lmroman10-italic]:mapping=tex-text;!
Missing character: There is no ы in font [lmroman10-italic]:mapping=tex-text;!
Missing character: There is no н in font [lmroman10-italic]:mapping=tex-text;!
Missing character: There is no а in font [lmroman10-italic]:mapping=tex-text;!
Missing character: There is no к in font [lmroman10-italic]:mapping=tex-text;!
Missing character: There is no о in font [lmroman10-italic]:mapping=tex-text;!
Missing character: There is no н in font [lmroman10-italic]:mapping=tex-text;!
Missing character: There is no д in font [lmroman10-italic]:mapping=tex-text;!
Missing character: There is no е in font [lmroman10-italic]:mapping=tex-text;!
Missing character: There is no н in font [lmroman10-italic]:mapping=tex-text;!
Missing character: There is no с in font [lmroman10-italic]:mapping=tex-text;!
Missing character: There is no а in font [lmroman10-italic]:mapping=tex-text;!
Missing character: There is no т in font [lmroman10-italic]:mapping=tex-text;!
Missing character: There is no о in font [lmroman10-italic]:mapping=tex-text;!
Missing character: There is no р in font [lmroman10-italic]:mapping=tex-text;!
Missing character: There is no а in font [lmroman10-italic]:mapping=tex-text;!
Missing character: There is no х in font [lmroman10-italic]:mapping=tex-text;!

Overfull \hbox (20.0pt too wide) in paragraph at lines 19--20
[]
 []


Overfull \hbox (8.4pt too wide) in paragraph at lines 19--20
\TU/lmr/m/it/10 Три
 []


Overfull \hbox (33.6pt too wide) in paragraph at lines 19--20
\TU/lmr/m/it/10 конденсатора
 []


Overfull \hbox (28.0pt too wide) in paragraph at lines 19--20
\TU/lmr/m/it/10 одинаковой
 []


Overfull \hbox (19.6pt too wide) in paragraph at lines 19--20
\TU/lmr/m/it/10 емкости
 []


Overfull \hbox (14.0pt too wide) in paragraph at lines 19--20
\TU/lmr/m/it/10 имеют
 []


Overfull \hbox (16.8pt too wide) in paragraph at lines 19--20
\TU/lmr/m/it/10 заряды
 []


Overfull \hbox (12.02026pt too wide) in paragraph at lines 19--20
\OML/cmm/m/it/10 q[]$\TU/lmr/m/it/10 ,
 []


Overfull \hbox (8.95026pt too wide) in paragraph at lines 19--20
\OML/cmm/m/it/10 q[]$
 []


Overfull \hbox (2.8pt too wide) in paragraph at lines 19--20
\TU/lmr/m/it/10 и
 []


Overfull \hbox (8.95026pt too wide) in paragraph at lines 19--20
\OML/cmm/m/it/10 q[]$
 []


Overfull \hbox (42.27pt too wide) in paragraph at lines 19--20
\TU/lmr/m/it/10 соответственно.
 []


Overfull \hbox (14.0pt too wide) in paragraph at lines 19--20
\TU/lmr/m/it/10 Потом
 []


Overfull \hbox (5.6pt too wide) in paragraph at lines 19--20
\TU/lmr/m/it/10 их
 []


Overfull \hbox (28.27pt too wide) in paragraph at lines 19--20
\TU/lmr/m/it/10 соединяют,
 []


Overfull \hbox (8.4pt too wide) in paragraph at lines 19--20
\TU/lmr/m/it/10 как
 []


Overfull \hbox (28.0pt too wide) in paragraph at lines 19--20
\TU/lmr/m/it/10 изображено
 []


Overfull \hbox (5.6pt too wide) in paragraph at lines 19--20
\TU/lmr/m/it/10 на
 []


Overfull \hbox (19.6pt too wide) in paragraph at lines 19--20
\TU/lmr/m/it/10 рисунке
 []


Overfull \hbox (8.18001pt too wide) in paragraph at lines 19--20
\TU/lmr/m/it/10 2.
 []


Overfull \hbox (14.0pt too wide) in paragraph at lines 19--20
\TU/lmr/m/it/10 Найти
 []


Overfull \hbox (39.2pt too wide) in paragraph at lines 19--20
\TU/lmr/m/it/10 установившиеся
 []


Overfull \hbox (16.8pt too wide) in paragraph at lines 19--20
\TU/lmr/m/it/10 заряды
 []


Overfull \hbox (5.6pt too wide) in paragraph at lines 19--20
\TU/lmr/m/it/10 на
 []


Overfull \hbox (39.47pt too wide) in paragraph at lines 19--20
\TU/lmr/m/it/10 конденсаторах. 
 []


! LaTeX Error: Missing \begin{document}.

See the LaTeX manual or LaTeX Companion for explanation.
Type  H <return>  for immediate help.
 ...                                              
                                                  
l.21 \par О
            т в е т: {\large \hfill $q_1 = \frac{2q_1 - q_2 - q_3}{3}$; \\ \\
You're in trouble here.  Try typing  <return>  to proceed.
If that doesn't work, type  X <return>  to quit.

Missing character: There is no О in font nullfont!
Missing character: There is no т in font nullfont!
Missing character: There is no в in font nullfont!
Missing character: There is no е in font nullfont!
Missing character: There is no т in font nullfont!
Missing character: There is no : in font nullfont!
! Undefined control sequence.
l.21 \par О т в е т: {\large
                             \hfill $q_1 = \frac{2q_1 - q_2 - q_3}{3}$; \\ \\
The control sequence at the end of the top line
of your error message was never \def'ed. If you have
misspelled it (e.g., `\hobx'), type `I' and the correct
spelling (e.g., `I\hbox'). Otherwise just continue,
and I'll forget about whatever was undefined.

Missing character: There is no ; in font nullfont!
Missing character: There is no О in font nullfont!
Missing character: There is no т in font nullfont!
Missing character: There is no в in font nullfont!
Missing character: There is no е in font nullfont!
Missing character: There is no т in font nullfont!
Missing character: There is no ; in font nullfont!
Missing character: There is no О in font nullfont!
Missing character: There is no т in font nullfont!
Missing character: There is no в in font nullfont!
Missing character: There is no е in font nullfont!
Missing character: There is no т in font nullfont!
Missing character: There is no . in font nullfont!

Overfull \hbox (20.0pt too wide) in paragraph at lines 21--24
[]
 []


Overfull \hbox (19.50577pt too wide) in paragraph at lines 21--24
\OML/cmm/m/it/10 q[] \OT1/cmr/m/n/10 =
 []


Overfull \hbox (41.59018pt too wide) in paragraph at lines 21--24
[]$ 
 []


Overfull \hbox (19.50577pt too wide) in paragraph at lines 21--24
\OML/cmm/m/it/10 q[] \OT1/cmr/m/n/10 =
 []


Overfull \hbox (41.59018pt too wide) in paragraph at lines 21--24
[]$ 
 []


Overfull \hbox (19.50577pt too wide) in paragraph at lines 21--24
\OML/cmm/m/it/10 q[] \OT1/cmr/m/n/10 =
 []


Overfull \hbox (41.59018pt too wide) in paragraph at lines 21--24
[]$ 
 []


! LaTeX Error: Missing \begin{document}.

See the LaTeX manual or LaTeX Companion for explanation.
Type  H <return>  for immediate help.
 ...                                              
                                                  
l.25 \par Я
           сно, что ничего не изменится, если мы последовательно сменим нуме...

You're in trouble here.  Try typing  <return>  to proceed.
If that doesn't work, type  X <return>  to quit.

Missing character: There is no Я in font nullfont!
Missing character: There is no с in font nullfont!
Missing character: There is no н in font nullfont!
Missing character: There is no о in font nullfont!
Missing character: There is no , in font nullfont!
Missing character: There is no ч in font nullfont!
Missing character: There is no т in font nullfont!
Missing character: There is no о in font nullfont!
Missing character: There is no н in font nullfont!
Missing character: There is no и in font nullfont!
Missing character: There is no ч in font nullfont!
Missing character: There is no е in font nullfont!
Missing character: There is no г in font nullfont!
Missing character: There is no о in font nullfont!
Missing character: There is no н in font nullfont!
Missing character: There is no е in font nullfont!
Missing character: There is no и in font nullfont!
Missing character: There is no з in font nullfont!
Missing character: There is no м in font nullfont!
Missing character: There is no е in font nullfont!
Missing character: There is no н in font nullfont!
Missing character: There is no и in font nullfont!
Missing character: There is no т in font nullfont!
Missing character: There is no с in font nullfont!
Missing character: There is no я in font nullfont!
Missing character: There is no , in font nullfont!
Missing character: There is no е in font nullfont!
Missing character: There is no с in font nullfont!
Missing character: There is no л in font nullfont!
Missing character: There is no и in font nullfont!
Missing character: There is no м in font nullfont!
Missing character: There is no ы in font nullfont!
Missing character: There is no п in font nullfont!
Missing character: There is no о in font nullfont!
Missing character: There is no с in font nullfont!
Missing character: There is no л in font nullfont!
Missing character: There is no е in font nullfont!
Missing character: There is no д in font nullfont!
Missing character: There is no о in font nullfont!
Missing character: There is no в in font nullfont!
Missing character: There is no а in font nullfont!
Missing character: There is no т in font nullfont!
Missing character: There is no е in font nullfont!
Missing character: There is no л in font nullfont!
Missing character: There is no ь in font nullfont!
Missing character: There is no н in font nullfont!
Missing character: There is no о in font nullfont!
Missing character: There is no с in font nullfont!
Missing character: There is no м in font nullfont!
Missing character: There is no е in font nullfont!
Missing character: There is no н in font nullfont!
Missing character: There is no и in font nullfont!
Missing character: There is no м in font nullfont!
Missing character: There is no н in font nullfont!
Missing character: There is no у in font nullfont!
Missing character: There is no м in font nullfont!
Missing character: There is no е in font nullfont!
Missing character: There is no р in font nullfont!
Missing character: There is no а in font nullfont!
Missing character: There is no ц in font nullfont!
Missing character: There is no и in font nullfont!
Missing character: There is no ю in font nullfont!
Missing character: There is no з in font nullfont!
Missing character: There is no а in font nullfont!
Missing character: There is no р in font nullfont!
Missing character: There is no я in font nullfont!
Missing character: There is no д in font nullfont!
Missing character: There is no о in font nullfont!
Missing character: There is no в in font nullfont!
Missing character: There is no ( in font nullfont!
Missing character: There is no ) in font nullfont!
Missing character: There is no - in font nullfont!
Missing character: There is no - in font nullfont!
Missing character: There is no - in font nullfont!
Missing character: There is no э in font nullfont!
Missing character: There is no т in font nullfont!
Missing character: There is no о in font nullfont!
Missing character: There is no в in font nullfont!
Missing character: There is no с in font nullfont!
Missing character: There is no е in font nullfont!
Missing character: There is no г in font nullfont!
Missing character: There is no о in font nullfont!
Missing character: There is no л in font nullfont!
Missing character: There is no и in font nullfont!
Missing character: There is no ш in font nullfont!
Missing character: There is no ь in font nullfont!
Missing character: There is no п in font nullfont!
Missing character: There is no о in font nullfont!
Missing character: There is no в in font nullfont!
Missing character: There is no о in font nullfont!
Missing character: There is no р in font nullfont!
Missing character: There is no о in font nullfont!
Missing character: There is no т in font nullfont!
Missing character: There is no к in font nullfont!
Missing character: There is no а in font nullfont!
Missing character: There is no р in font nullfont!
Missing character: There is no т in font nullfont!
Missing character: There is no и in font nullfont!
Missing character: There is no н in font nullfont!
Missing character: There is no к in font nullfont!
Missing character: There is no и in font nullfont!
Missing character: There is no . in font nullfont!
Missing character: There is no О in font nullfont!
Missing character: There is no т in font nullfont!
Missing character: There is no в in font nullfont!
Missing character: There is no е in font nullfont!
Missing character: There is no т in font nullfont!
Missing character: There is no д in font nullfont!
Missing character: There is no о in font nullfont!
Missing character: There is no л in font nullfont!
Missing character: There is no ж in font nullfont!
Missing character: There is no е in font nullfont!
Missing character: There is no н in font nullfont!
Missing character: There is no д in font nullfont!
Missing character: There is no е in font nullfont!
Missing character: There is no м in font nullfont!
Missing character: There is no о in font nullfont!
Missing character: There is no н in font nullfont!
Missing character: There is no с in font nullfont!
Missing character: There is no т in font nullfont!
Missing character: There is no р in font nullfont!
Missing character: There is no и in font nullfont!
Missing character: There is no р in font nullfont!
Missing character: There is no о in font nullfont!
Missing character: There is no в in font nullfont!
Missing character: There is no а in font nullfont!
Missing character: There is no т in font nullfont!
Missing character: There is no ь in font nullfont!
Missing character: There is no т in font nullfont!
Missing character: There is no а in font nullfont!
Missing character: There is no к in font nullfont!
Missing character: There is no у in font nullfont!
Missing character: There is no ю in font nullfont!
Missing character: There is no ж in font nullfont!
Missing character: There is no е in font nullfont!
Missing character: There is no с in font nullfont!
Missing character: There is no и in font nullfont!
Missing character: There is no м in font nullfont!
Missing character: There is no м in font nullfont!
Missing character: There is no е in font nullfont!
Missing character: There is no т in font nullfont!
Missing character: There is no р in font nullfont!
Missing character: There is no и in font nullfont!
Missing character: There is no ю in font nullfont!
Missing character: There is no п in font nullfont!
Missing character: There is no о in font nullfont!
Missing character: There is no о in font nullfont!
Missing character: There is no т in font nullfont!
Missing character: There is no н in font nullfont!
Missing character: There is no о in font nullfont!
Missing character: There is no ш in font nullfont!
Missing character: There is no е in font nullfont!
Missing character: There is no н in font nullfont!
Missing character: There is no и in font nullfont!
Missing character: There is no ю in font nullfont!
Missing character: There is no к in font nullfont!
Missing character: There is no ц in font nullfont!
Missing character: There is no и in font nullfont!
Missing character: There is no к in font nullfont!
Missing character: There is no л in font nullfont!
Missing character: There is no и in font nullfont!
Missing character: There is no ч in font nullfont!
Missing character: There is no е in font nullfont!
Missing character: There is no с in font nullfont!
Missing character: There is no к in font nullfont!
Missing character: There is no и in font nullfont!
Missing character: There is no м in font nullfont!
Missing character: There is no п in font nullfont!
Missing character: There is no е in font nullfont!
Missing character: There is no р in font nullfont!
Missing character: There is no е in font nullfont!
Missing character: There is no с in font nullfont!
Missing character: There is no т in font nullfont!
Missing character: There is no а in font nullfont!
Missing character: There is no н in font nullfont!
Missing character: There is no о in font nullfont!
Missing character: There is no в in font nullfont!
Missing character: There is no к in font nullfont!
Missing character: There is no а in font nullfont!
Missing character: There is no м in font nullfont!
Missing character: There is no . in font nullfont!
Missing character: There is no Н in font nullfont!
Missing character: There is no е in font nullfont!
Missing character: There is no с in font nullfont!
Missing character: There is no л in font nullfont!
Missing character: There is no о in font nullfont!
Missing character: There is no ж in font nullfont!
Missing character: There is no н in font nullfont!
Missing character: There is no о in font nullfont!
Missing character: There is no у in font nullfont!
Missing character: There is no б in font nullfont!
Missing character: There is no е in font nullfont!
Missing character: There is no д in font nullfont!
Missing character: There is no и in font nullfont!
Missing character: There is no т in font nullfont!
Missing character: There is no ь in font nullfont!
Missing character: There is no с in font nullfont!
Missing character: There is no я in font nullfont!
Missing character: There is no , in font nullfont!
Missing character: There is no ч in font nullfont!
Missing character: There is no т in font nullfont!
Missing character: There is no о in font nullfont!
Missing character: There is no н in font nullfont!
Missing character: There is no а in font nullfont!
Missing character: There is no ш in font nullfont!
Missing character: There is no о in font nullfont!
Missing character: There is no т in font nullfont!
Missing character: There is no в in font nullfont!
Missing character: There is no е in font nullfont!
Missing character: There is no т in font nullfont!
Missing character: There is no о in font nullfont!
Missing character: There is no б in font nullfont!
Missing character: There is no л in font nullfont!
Missing character: There is no а in font nullfont!
Missing character: There is no д in font nullfont!
Missing character: There is no а in font nullfont!
Missing character: There is no е in font nullfont!
Missing character: There is no т in font nullfont!
Missing character: There is no э in font nullfont!
Missing character: There is no т in font nullfont!
Missing character: There is no и in font nullfont!
Missing character: There is no м in font nullfont!
Missing character: There is no с in font nullfont!
Missing character: There is no в in font nullfont!
Missing character: There is no о in font nullfont!
Missing character: There is no й in font nullfont!
Missing character: There is no с in font nullfont!
Missing character: There is no т in font nullfont!
Missing character: There is no в in font nullfont!
Missing character: There is no о in font nullfont!
Missing character: There is no м in font nullfont!
Missing character: There is no . in font nullfont!

Overfull \hbox (20.0pt too wide) in paragraph at lines 25--26
[]
 []


Overfull \hbox (21.72798pt too wide) in paragraph at lines 25--26
\OML/cmm/m/it/10 q[] \OMS/cmsy/m/n/10 !
 []


Overfull \hbox (35.12265pt too wide) in paragraph at lines 25--26
\OML/cmm/m/it/10 q[]; q[] \OMS/cmsy/m/n/10 !
 []


Overfull \hbox (35.12265pt too wide) in paragraph at lines 25--26
\OML/cmm/m/it/10 q[]; q[] \OMS/cmsy/m/n/10 !
 []


Overfull \hbox (8.95026pt too wide) in paragraph at lines 25--26
\OML/cmm/m/it/10 q[]$
 []


! LaTeX Error: Missing \begin{document}.

See the LaTeX manual or LaTeX Companion for explanation.
Type  H <return>  for immediate help.
 ...                                              
                                                  
l.27 \par Д
           ля удобства контроля симметрию по параметрам в ответе надо сохран...

You're in trouble here.  Try typing  <return>  to proceed.
If that doesn't work, type  X <return>  to quit.

Missing character: There is no Д in font nullfont!
Missing character: There is no л in font nullfont!
Missing character: There is no я in font nullfont!
Missing character: There is no у in font nullfont!
Missing character: There is no д in font nullfont!
Missing character: There is no о in font nullfont!
Missing character: There is no б in font nullfont!
Missing character: There is no с in font nullfont!
Missing character: There is no т in font nullfont!
Missing character: There is no в in font nullfont!
Missing character: There is no а in font nullfont!
Missing character: There is no к in font nullfont!
Missing character: There is no о in font nullfont!
Missing character: There is no н in font nullfont!
Missing character: There is no т in font nullfont!
Missing character: There is no р in font nullfont!
Missing character: There is no о in font nullfont!
Missing character: There is no л in font nullfont!
Missing character: There is no я in font nullfont!
Missing character: There is no с in font nullfont!
Missing character: There is no и in font nullfont!
Missing character: There is no м in font nullfont!
Missing character: There is no м in font nullfont!
Missing character: There is no е in font nullfont!
Missing character: There is no т in font nullfont!
Missing character: There is no р in font nullfont!
Missing character: There is no и in font nullfont!
Missing character: There is no ю in font nullfont!
Missing character: There is no п in font nullfont!
Missing character: There is no о in font nullfont!
Missing character: There is no п in font nullfont!
Missing character: There is no а in font nullfont!
Missing character: There is no р in font nullfont!
Missing character: There is no а in font nullfont!
Missing character: There is no м in font nullfont!
Missing character: There is no е in font nullfont!
Missing character: There is no т in font nullfont!
Missing character: There is no р in font nullfont!
Missing character: There is no а in font nullfont!
Missing character: There is no м in font nullfont!
Missing character: There is no в in font nullfont!
Missing character: There is no о in font nullfont!
Missing character: There is no т in font nullfont!
Missing character: There is no в in font nullfont!
Missing character: There is no е in font nullfont!
Missing character: There is no т in font nullfont!
Missing character: There is no е in font nullfont!
Missing character: There is no н in font nullfont!
Missing character: There is no а in font nullfont!
Missing character: There is no д in font nullfont!
Missing character: There is no о in font nullfont!
Missing character: There is no с in font nullfont!
Missing character: There is no о in font nullfont!
Missing character: There is no х in font nullfont!
Missing character: There is no р in font nullfont!
Missing character: There is no а in font nullfont!
Missing character: There is no н in font nullfont!
Missing character: There is no я in font nullfont!
Missing character: There is no т in font nullfont!
Missing character: There is no ь in font nullfont!
Missing character: There is no . in font nullfont!

Overfull \hbox (20.0pt too wide) in paragraph at lines 27--28
[]
 []


! LaTeX Error: Missing \begin{document}.

See the LaTeX manual or LaTeX Companion for explanation.
Type  H <return>  for immediate help.
 ...                                              
                                                  
l.29 \par 3
           .\enspace П р о в е р к у \enspace н а \enspace ч а с т н ы х \en...

You're in trouble here.  Try typing  <return>  to proceed.
If that doesn't work, type  X <return>  to quit.

Missing character: There is no 3 in font nullfont!
Missing character: There is no . in font nullfont!
Missing character: There is no П in font nullfont!
Missing character: There is no р in font nullfont!
Missing character: There is no о in font nullfont!
Missing character: There is no в in font nullfont!
Missing character: There is no е in font nullfont!
Missing character: There is no р in font nullfont!
Missing character: There is no к in font nullfont!
Missing character: There is no у in font nullfont!
Missing character: There is no н in font nullfont!
Missing character: There is no а in font nullfont!
Missing character: There is no ч in font nullfont!
Missing character: There is no а in font nullfont!
Missing character: There is no с in font nullfont!
Missing character: There is no т in font nullfont!
Missing character: There is no н in font nullfont!
Missing character: There is no ы in font nullfont!
Missing character: There is no х in font nullfont!
Missing character: There is no с in font nullfont!
Missing character: There is no л in font nullfont!
Missing character: There is no у in font nullfont!
Missing character: There is no ч in font nullfont!
Missing character: There is no а in font nullfont!
Missing character: There is no я in font nullfont!
Missing character: There is no х in font nullfont!
Missing character: There is no п in font nullfont!
Missing character: There is no р in font nullfont!
Missing character: There is no о in font nullfont!
Missing character: There is no в in font nullfont!
Missing character: There is no о in font nullfont!
Missing character: There is no д in font nullfont!
Missing character: There is no я in font nullfont!
Missing character: There is no т in font nullfont!
Missing character: There is no т in font nullfont!
Missing character: There is no а in font nullfont!
Missing character: There is no к in font nullfont!
Missing character: There is no . in font nullfont!
Missing character: There is no В in font nullfont!
Missing character: There is no ы in font nullfont!
Missing character: There is no б in font nullfont!
Missing character: There is no и in font nullfont!
Missing character: There is no р in font nullfont!
Missing character: There is no а in font nullfont!
Missing character: There is no ю in font nullfont!
Missing character: There is no т in font nullfont!
Missing character: There is no п in font nullfont!
Missing character: There is no р in font nullfont!
Missing character: There is no о in font nullfont!
Missing character: There is no с in font nullfont!
Missing character: There is no т in font nullfont!
Missing character: There is no е in font nullfont!
Missing character: There is no й in font nullfont!
Missing character: There is no ш in font nullfont!
Missing character: There is no и in font nullfont!
Missing character: There is no е in font nullfont!
Missing character: There is no з in font nullfont!
Missing character: There is no н in font nullfont!
Missing character: There is no а in font nullfont!
Missing character: There is no ч in font nullfont!
Missing character: There is no е in font nullfont!
Missing character: There is no н in font nullfont!
Missing character: There is no и in font nullfont!
Missing character: There is no я in font nullfont!
Missing character: There is no п in font nullfont!
Missing character: There is no а in font nullfont!
Missing character: There is no р in font nullfont!
Missing character: There is no а in font nullfont!
Missing character: There is no м in font nullfont!
Missing character: There is no е in font nullfont!
Missing character: There is no т in font nullfont!
Missing character: There is no р in font nullfont!
Missing character: There is no о in font nullfont!
Missing character: There is no в in font nullfont!
Missing character: There is no з in font nullfont!
Missing character: There is no а in font nullfont!
Missing character: There is no д in font nullfont!
Missing character: There is no а in font nullfont!
Missing character: There is no ч in font nullfont!
Missing character: There is no и in font nullfont!
Missing character: There is no , in font nullfont!
Missing character: There is no д in font nullfont!
Missing character: There is no л in font nullfont!
Missing character: There is no я in font nullfont!
Missing character: There is no к in font nullfont!
Missing character: There is no о in font nullfont!
Missing character: There is no т in font nullfont!
Missing character: There is no о in font nullfont!
Missing character: There is no р in font nullfont!
Missing character: There is no ы in font nullfont!
Missing character: There is no х in font nullfont!
Missing character: There is no о in font nullfont!
Missing character: There is no т in font nullfont!
Missing character: There is no в in font nullfont!
Missing character: There is no е in font nullfont!
Missing character: There is no т in font nullfont!
Missing character: There is no о in font nullfont!
Missing character: There is no ч in font nullfont!
Missing character: There is no е in font nullfont!
Missing character: There is no в in font nullfont!
Missing character: There is no и in font nullfont!
Missing character: There is no д in font nullfont!
Missing character: There is no е in font nullfont!
Missing character: There is no н in font nullfont!
Missing character: There is no , in font nullfont!
Missing character: There is no и in font nullfont!
Missing character: There is no с in font nullfont!
Missing character: There is no м in font nullfont!
Missing character: There is no о in font nullfont!
Missing character: There is no т in font nullfont!
Missing character: There is no р in font nullfont!
Missing character: There is no я in font nullfont!
Missing character: There is no т in font nullfont!
Missing character: There is no , in font nullfont!
Missing character: There is no д in font nullfont!
Missing character: There is no а in font nullfont!
Missing character: There is no е in font nullfont!
Missing character: There is no т in font nullfont!
Missing character: There is no л in font nullfont!
Missing character: There is no и in font nullfont!
Missing character: There is no п in font nullfont!
Missing character: There is no о in font nullfont!
Missing character: There is no л in font nullfont!
Missing character: There is no у in font nullfont!
Missing character: There is no ч in font nullfont!
Missing character: There is no е in font nullfont!
Missing character: There is no н in font nullfont!
Missing character: There is no н in font nullfont!
Missing character: There is no а in font nullfont!
Missing character: There is no я in font nullfont!
Missing character: There is no о in font nullfont!
Missing character: There is no б in font nullfont!
Missing character: There is no щ in font nullfont!
Missing character: There is no а in font nullfont!
Missing character: There is no я in font nullfont!
Missing character: There is no ф in font nullfont!
Missing character: There is no о in font nullfont!
Missing character: There is no р in font nullfont!
Missing character: There is no м in font nullfont!
Missing character: There is no у in font nullfont!
Missing character: There is no л in font nullfont!
Missing character: There is no а in font nullfont!
Missing character: There is no д in font nullfont!
Missing character: There is no л in font nullfont!
Missing character: There is no я in font nullfont!
Missing character: There is no э in font nullfont!
Missing character: There is no т in font nullfont!
Missing character: There is no и in font nullfont!
Missing character: There is no х in font nullfont!
Missing character: There is no ч in font nullfont!
Missing character: There is no а in font nullfont!
Missing character: There is no с in font nullfont!
Missing character: There is no т in font nullfont!
Missing character: There is no н in font nullfont!
Missing character: There is no ы in font nullfont!
Missing character: There is no х in font nullfont!
Missing character: There is no з in font nullfont!
Missing character: There is no н in font nullfont!
Missing character: There is no а in font nullfont!
Missing character: There is no ч in font nullfont!
Missing character: There is no е in font nullfont!
Missing character: There is no н in font nullfont!
Missing character: There is no и in font nullfont!
Missing character: There is no й in font nullfont!
Missing character: There is no п in font nullfont!
Missing character: There is no а in font nullfont!
Missing character: There is no р in font nullfont!
Missing character: There is no а in font nullfont!
Missing character: There is no м in font nullfont!
Missing character: There is no е in font nullfont!
Missing character: There is no т in font nullfont!
Missing character: There is no р in font nullfont!
Missing character: There is no о in font nullfont!
Missing character: There is no в in font nullfont!
Missing character: There is no т in font nullfont!
Missing character: There is no а in font nullfont!
Missing character: There is no к in font nullfont!
Missing character: There is no о in font nullfont!
Missing character: There is no й in font nullfont!
Missing character: There is no ж in font nullfont!
Missing character: There is no е in font nullfont!
Missing character: There is no р in font nullfont!
Missing character: There is no е in font nullfont!
Missing character: There is no з in font nullfont!
Missing character: There is no у in font nullfont!
Missing character: There is no л in font nullfont!
Missing character: There is no ь in font nullfont!
Missing character: There is no т in font nullfont!
Missing character: There is no а in font nullfont!
Missing character: There is no т in font nullfont!
Missing character: There is no . in font nullfont!

Overfull \hbox (20.0pt too wide) in paragraph at lines 29--30
[]
 []


! LaTeX Error: Missing \begin{document}.

See the LaTeX manual or LaTeX Companion for explanation.
Type  H <return>  for immediate help.
 ...                                              
                                                  
l.31 \par О
           братимся еще раз к задаче о блоке. Если любая из масс --- $m_1$ и...

You're in trouble here.  Try typing  <return>  to proceed.
If that doesn't work, type  X <return>  to quit.

Missing character: There is no О in font nullfont!
Missing character: There is no б in font nullfont!
Missing character: There is no р in font nullfont!
Missing character: There is no а in font nullfont!
Missing character: There is no т in font nullfont!
Missing character: There is no и in font nullfont!
Missing character: There is no м in font nullfont!
Missing character: There is no с in font nullfont!
Missing character: There is no я in font nullfont!
Missing character: There is no е in font nullfont!
Missing character: There is no щ in font nullfont!
Missing character: There is no е in font nullfont!
Missing character: There is no р in font nullfont!
Missing character: There is no а in font nullfont!
Missing character: There is no з in font nullfont!
Missing character: There is no к in font nullfont!
Missing character: There is no з in font nullfont!
Missing character: There is no а in font nullfont!
Missing character: There is no д in font nullfont!
Missing character: There is no а in font nullfont!
Missing character: There is no ч in font nullfont!
Missing character: There is no е in font nullfont!
Missing character: There is no о in font nullfont!
Missing character: There is no б in font nullfont!
Missing character: There is no л in font nullfont!
Missing character: There is no о in font nullfont!
Missing character: There is no к in font nullfont!
Missing character: There is no е in font nullfont!
Missing character: There is no . in font nullfont!
Missing character: There is no Е in font nullfont!
Missing character: There is no с in font nullfont!
Missing character: There is no л in font nullfont!
Missing character: There is no и in font nullfont!
Missing character: There is no л in font nullfont!
Missing character: There is no ю in font nullfont!
Missing character: There is no б in font nullfont!
Missing character: There is no а in font nullfont!
Missing character: There is no я in font nullfont!
Missing character: There is no и in font nullfont!
Missing character: There is no з in font nullfont!
Missing character: There is no м in font nullfont!
Missing character: There is no а in font nullfont!
Missing character: There is no с in font nullfont!
Missing character: There is no с in font nullfont!
Missing character: There is no - in font nullfont!
Missing character: There is no - in font nullfont!
Missing character: There is no - in font nullfont!
Missing character: There is no и in font nullfont!
Missing character: There is no л in font nullfont!
Missing character: There is no и in font nullfont!
Missing character: There is no - in font nullfont!
Missing character: There is no - in font nullfont!
Missing character: There is no - in font nullfont!
Missing character: There is no р in font nullfont!
Missing character: There is no а in font nullfont!
Missing character: There is no в in font nullfont!
Missing character: There is no н in font nullfont!
Missing character: There is no а in font nullfont!
Missing character: There is no н in font nullfont!
Missing character: There is no у in font nullfont!
Missing character: There is no л in font nullfont!
Missing character: There is no ю in font nullfont!
Missing character: There is no , in font nullfont!
Missing character: There is no т in font nullfont!
Missing character: There is no о in font nullfont!
Missing character: There is no д in font nullfont!
Missing character: There is no р in font nullfont!
Missing character: There is no у in font nullfont!
Missing character: There is no г in font nullfont!
Missing character: There is no а in font nullfont!
Missing character: There is no я in font nullfont!
Missing character: There is no м in font nullfont!
Missing character: There is no а in font nullfont!
Missing character: There is no с in font nullfont!
Missing character: There is no с in font nullfont!
Missing character: There is no а in font nullfont!
Missing character: There is no с in font nullfont!
Missing character: There is no в in font nullfont!
Missing character: There is no о in font nullfont!
Missing character: There is no б in font nullfont!
Missing character: There is no о in font nullfont!
Missing character: There is no д in font nullfont!
Missing character: There is no н in font nullfont!
Missing character: There is no о in font nullfont!
Missing character: There is no п in font nullfont!
Missing character: There is no а in font nullfont!
Missing character: There is no д in font nullfont!
Missing character: There is no а in font nullfont!
Missing character: There is no е in font nullfont!
Missing character: There is no т in font nullfont!
Missing character: There is no , in font nullfont!
Missing character: There is no и in font nullfont!
Missing character: There is no н in font nullfont!
Missing character: There is no и in font nullfont!
Missing character: There is no т in font nullfont!
Missing character: There is no ь in font nullfont!
Missing character: There is no н in font nullfont!
Missing character: There is no е in font nullfont!
Missing character: There is no н in font nullfont!
Missing character: There is no а in font nullfont!
Missing character: There is no т in font nullfont!
Missing character: There is no я in font nullfont!
Missing character: There is no н in font nullfont!
Missing character: There is no у in font nullfont!
Missing character: There is no т in font nullfont!
Missing character: There is no а in font nullfont!
Missing character: There is no . in font nullfont!
Missing character: There is no Т in font nullfont!
Missing character: There is no а in font nullfont!
Missing character: There is no к in font nullfont!
Missing character: There is no о in font nullfont!
Missing character: There is no й in font nullfont!
Missing character: There is no ж in font nullfont!
Missing character: There is no е in font nullfont!
Missing character: There is no н in font nullfont!
Missing character: There is no у in font nullfont!
Missing character: There is no л in font nullfont!
Missing character: There is no е in font nullfont!
Missing character: There is no в in font nullfont!
Missing character: There is no о in font nullfont!
Missing character: There is no й in font nullfont!
Missing character: There is no р in font nullfont!
Missing character: There is no е in font nullfont!
Missing character: There is no з in font nullfont!
Missing character: There is no у in font nullfont!
Missing character: There is no л in font nullfont!
Missing character: There is no ь in font nullfont!
Missing character: There is no т in font nullfont!
Missing character: There is no а in font nullfont!
Missing character: There is no т in font nullfont!
Missing character: There is no п in font nullfont!
Missing character: There is no о in font nullfont!
Missing character: There is no л in font nullfont!
Missing character: There is no у in font nullfont!
Missing character: There is no ч in font nullfont!
Missing character: There is no а in font nullfont!
Missing character: There is no е in font nullfont!
Missing character: There is no т in font nullfont!
Missing character: There is no с in font nullfont!
Missing character: There is no я in font nullfont!
Missing character: There is no и in font nullfont!
Missing character: There is no и in font nullfont!
Missing character: There is no з in font nullfont!
Missing character: There is no о in font nullfont!
Missing character: There is no т in font nullfont!
Missing character: There is no в in font nullfont!
Missing character: There is no е in font nullfont!
Missing character: There is no т in font nullfont!
Missing character: There is no а in font nullfont!
Missing character: There is no . in font nullfont!

Overfull \hbox (20.0pt too wide) in paragraph at lines 31--32
[]
 []


Overfull \hbox (13.26627pt too wide) in paragraph at lines 31--32
\OML/cmm/m/it/10 m[]$
 []


Overfull \hbox (13.26627pt too wide) in paragraph at lines 31--32
\OML/cmm/m/it/10 m[]$
 []

! Undefined control sequence.
l.34 \columnbreak
                 
The control sequence at the end of the top line
of your error message was never \def'ed. If you have
misspelled it (e.g., `\hobx'), type `I' and the correct
spelling (e.g., `I\hbox'). Otherwise just continue,
and I'll forget about whatever was undefined.


! LaTeX Error: Missing \begin{document}.

See the LaTeX manual or LaTeX Companion for explanation.
Type  H <return>  for immediate help.
 ...                                              
                                                  
l.35 \par (
           Заметим, что обращение полученного результата в нуль при нулевом ...

You're in trouble here.  Try typing  <return>  to proceed.
If that doesn't work, type  X <return>  to quit.

Missing character: There is no ( in font nullfont!
Missing character: There is no З in font nullfont!
Missing character: There is no а in font nullfont!
Missing character: There is no м in font nullfont!
Missing character: There is no е in font nullfont!
Missing character: There is no т in font nullfont!
Missing character: There is no и in font nullfont!
Missing character: There is no м in font nullfont!
Missing character: There is no , in font nullfont!
Missing character: There is no ч in font nullfont!
Missing character: There is no т in font nullfont!
Missing character: There is no о in font nullfont!
Missing character: There is no о in font nullfont!
Missing character: There is no б in font nullfont!
Missing character: There is no р in font nullfont!
Missing character: There is no а in font nullfont!
Missing character: There is no щ in font nullfont!
Missing character: There is no е in font nullfont!
Missing character: There is no н in font nullfont!
Missing character: There is no и in font nullfont!
Missing character: There is no е in font nullfont!
Missing character: There is no п in font nullfont!
Missing character: There is no о in font nullfont!
Missing character: There is no л in font nullfont!
Missing character: There is no у in font nullfont!
Missing character: There is no ч in font nullfont!
Missing character: There is no е in font nullfont!
Missing character: There is no н in font nullfont!
Missing character: There is no н in font nullfont!
Missing character: There is no о in font nullfont!
Missing character: There is no г in font nullfont!
Missing character: There is no о in font nullfont!
Missing character: There is no р in font nullfont!
Missing character: There is no е in font nullfont!
Missing character: There is no з in font nullfont!
Missing character: There is no у in font nullfont!
Missing character: There is no л in font nullfont!
Missing character: There is no ь in font nullfont!
Missing character: There is no т in font nullfont!
Missing character: There is no а in font nullfont!
Missing character: There is no т in font nullfont!
Missing character: There is no а in font nullfont!
Missing character: There is no в in font nullfont!
Missing character: There is no н in font nullfont!
Missing character: There is no у in font nullfont!
Missing character: There is no л in font nullfont!
Missing character: There is no ь in font nullfont!
Missing character: There is no п in font nullfont!
Missing character: There is no р in font nullfont!
Missing character: There is no и in font nullfont!
Missing character: There is no н in font nullfont!
Missing character: There is no у in font nullfont!
Missing character: There is no л in font nullfont!
Missing character: There is no е in font nullfont!
Missing character: There is no в in font nullfont!
Missing character: There is no о in font nullfont!
Missing character: There is no м in font nullfont!
Missing character: There is no з in font nullfont!
Missing character: There is no н in font nullfont!
Missing character: There is no а in font nullfont!
Missing character: There is no ч in font nullfont!
Missing character: There is no е in font nullfont!
Missing character: There is no н in font nullfont!
Missing character: There is no и in font nullfont!
Missing character: There is no и in font nullfont!
Missing character: There is no о in font nullfont!
Missing character: There is no д in font nullfont!
Missing character: There is no н in font nullfont!
Missing character: There is no о in font nullfont!
Missing character: There is no г in font nullfont!
Missing character: There is no о in font nullfont!
Missing character: There is no и in font nullfont!
Missing character: There is no з in font nullfont!
Missing character: There is no п in font nullfont!
Missing character: There is no а in font nullfont!
Missing character: There is no р in font nullfont!
Missing character: There is no а in font nullfont!
Missing character: There is no м in font nullfont!
Missing character: There is no е in font nullfont!
Missing character: There is no т in font nullfont!
Missing character: There is no р in font nullfont!
Missing character: There is no о in font nullfont!
Missing character: There is no в in font nullfont!
Missing character: There is no о in font nullfont!
Missing character: There is no б in font nullfont!
Missing character: There is no ы in font nullfont!
Missing character: There is no ч in font nullfont!
Missing character: There is no н in font nullfont!
Missing character: There is no о in font nullfont!
Missing character: There is no с in font nullfont!
Missing character: There is no в in font nullfont!
Missing character: There is no я in font nullfont!
Missing character: There is no з in font nullfont!
Missing character: There is no а in font nullfont!
Missing character: There is no н in font nullfont!
Missing character: There is no о in font nullfont!
Missing character: There is no с in font nullfont!
Missing character: There is no т in font nullfont!
Missing character: There is no е in font nullfont!
Missing character: There is no м in font nullfont!
Missing character: There is no , in font nullfont!
Missing character: There is no ч in font nullfont!
Missing character: There is no т in font nullfont!
Missing character: There is no о in font nullfont!
Missing character: There is no э in font nullfont!
Missing character: There is no т in font nullfont!
Missing character: There is no о in font nullfont!
Missing character: There is no т in font nullfont!
Missing character: There is no п in font nullfont!
Missing character: There is no а in font nullfont!
Missing character: There is no р in font nullfont!
Missing character: There is no а in font nullfont!
Missing character: There is no м in font nullfont!
Missing character: There is no е in font nullfont!
Missing character: There is no т in font nullfont!
Missing character: There is no р in font nullfont!
Missing character: There is no в in font nullfont!
Missing character: There is no х in font nullfont!
Missing character: There is no о in font nullfont!
Missing character: There is no д in font nullfont!
Missing character: There is no и in font nullfont!
Missing character: There is no т in font nullfont!
Missing character: There is no в in font nullfont!
Missing character: There is no о in font nullfont!
Missing character: There is no т in font nullfont!
Missing character: There is no в in font nullfont!
Missing character: There is no е in font nullfont!
Missing character: There is no т in font nullfont!
Missing character: There is no в in font nullfont!
Missing character: There is no в in font nullfont!
Missing character: There is no и in font nullfont!
Missing character: There is no д in font nullfont!
Missing character: There is no е in font nullfont!
Missing character: There is no м in font nullfont!
Missing character: There is no н in font nullfont!
Missing character: There is no о in font nullfont!
Missing character: There is no ж in font nullfont!
Missing character: There is no и in font nullfont!
Missing character: There is no т in font nullfont!
Missing character: There is no е in font nullfont!
Missing character: There is no л in font nullfont!
Missing character: There is no я in font nullfont!
Missing character: There is no , in font nullfont!
Missing character: There is no м in font nullfont!
Missing character: There is no о in font nullfont!
Missing character: There is no ж in font nullfont!
Missing character: There is no е in font nullfont!
Missing character: There is no т in font nullfont!
Missing character: There is no б in font nullfont!
Missing character: There is no ы in font nullfont!
Missing character: There is no т in font nullfont!
Missing character: There is no ь in font nullfont!
Missing character: There is no - in font nullfont!
Missing character: There is no - in font nullfont!
Missing character: There is no - in font nullfont!
Missing character: There is no в in font nullfont!
Missing character: There is no к in font nullfont!
Missing character: There is no а in font nullfont!
Missing character: There is no к in font nullfont!
Missing character: There is no о in font nullfont!
Missing character: There is no й in font nullfont!
Missing character: There is no - in font nullfont!
Missing character: There is no т in font nullfont!
Missing character: There is no о in font nullfont!
Missing character: There is no с in font nullfont!
Missing character: There is no т in font nullfont!
Missing character: There is no е in font nullfont!
Missing character: There is no п in font nullfont!
Missing character: There is no е in font nullfont!
Missing character: There is no н in font nullfont!
Missing character: There is no и in font nullfont!
Missing character: There is no . in font nullfont!
Missing character: There is no В in font nullfont!
Missing character: There is no б in font nullfont!
Missing character: There is no о in font nullfont!
Missing character: There is no л in font nullfont!
Missing character: There is no е in font nullfont!
Missing character: There is no е in font nullfont!
Missing character: There is no с in font nullfont!
Missing character: There is no л in font nullfont!
Missing character: There is no о in font nullfont!
Missing character: There is no ж in font nullfont!
Missing character: There is no н in font nullfont!
Missing character: There is no ы in font nullfont!
Missing character: There is no х in font nullfont!
Missing character: There is no з in font nullfont!
Missing character: There is no а in font nullfont!
Missing character: There is no д in font nullfont!
Missing character: There is no а in font nullfont!
Missing character: There is no ч in font nullfont!
Missing character: There is no а in font nullfont!
Missing character: There is no х in font nullfont!
Missing character: There is no т in font nullfont!
Missing character: There is no а in font nullfont!
Missing character: There is no к in font nullfont!
Missing character: There is no б in font nullfont!
Missing character: There is no ы in font nullfont!
Missing character: There is no в in font nullfont!
Missing character: There is no а in font nullfont!
Missing character: There is no е in font nullfont!
Missing character: There is no т in font nullfont!
Missing character: There is no л in font nullfont!
Missing character: There is no и in font nullfont!
Missing character: There is no ш in font nullfont!
Missing character: There is no ь in font nullfont!
Missing character: There is no в in font nullfont!
Missing character: There is no п in font nullfont!
Missing character: There is no р in font nullfont!
Missing character: There is no е in font nullfont!
Missing character: There is no д in font nullfont!
Missing character: There is no е in font nullfont!
Missing character: There is no л in font nullfont!
Missing character: There is no ь in font nullfont!
Missing character: There is no н in font nullfont!
Missing character: There is no ы in font nullfont!
Missing character: There is no х in font nullfont!
Missing character: There is no с in font nullfont!
Missing character: There is no л in font nullfont!
Missing character: There is no у in font nullfont!
Missing character: There is no ч in font nullfont!
Missing character: There is no а in font nullfont!
Missing character: There is no я in font nullfont!
Missing character: There is no х in font nullfont!
Missing character: There is no : in font nullfont!
Missing character: There is no п in font nullfont!
Missing character: There is no р in font nullfont!
Missing character: There is no и in font nullfont!
Missing character: There is no о in font nullfont!
Missing character: There is no ч in font nullfont!
Missing character: There is no е in font nullfont!
Missing character: There is no н in font nullfont!
Missing character: There is no ь in font nullfont!
Missing character: There is no б in font nullfont!
Missing character: There is no о in font nullfont!
Missing character: There is no л in font nullfont!
Missing character: There is no ь in font nullfont!
Missing character: There is no ш in font nullfont!
Missing character: There is no и in font nullfont!
Missing character: There is no х in font nullfont!
Missing character: There is no и in font nullfont!
Missing character: There is no л in font nullfont!
Missing character: There is no и in font nullfont!
Missing character: There is no о in font nullfont!
Missing character: There is no ч in font nullfont!
Missing character: There is no е in font nullfont!
Missing character: There is no н in font nullfont!
Missing character: There is no ь in font nullfont!
Missing character: There is no м in font nullfont!
Missing character: There is no а in font nullfont!
Missing character: There is no л in font nullfont!
Missing character: There is no ы in font nullfont!
Missing character: There is no х in font nullfont!
Missing character: There is no з in font nullfont!
Missing character: There is no н in font nullfont!
Missing character: There is no а in font nullfont!
Missing character: There is no ч in font nullfont!
Missing character: There is no е in font nullfont!
Missing character: There is no н in font nullfont!
Missing character: There is no и in font nullfont!
Missing character: There is no я in font nullfont!
Missing character: There is no х in font nullfont!
Missing character: There is no в in font nullfont!
Missing character: There is no ы in font nullfont!
Missing character: There is no б in font nullfont!
Missing character: There is no р in font nullfont!
Missing character: There is no а in font nullfont!
Missing character: There is no н in font nullfont!
Missing character: There is no н in font nullfont!
Missing character: There is no о in font nullfont!
Missing character: There is no г in font nullfont!
Missing character: There is no о in font nullfont!
Missing character: There is no п in font nullfont!
Missing character: There is no а in font nullfont!
Missing character: There is no р in font nullfont!
Missing character: There is no а in font nullfont!
Missing character: There is no м in font nullfont!
Missing character: There is no е in font nullfont!
Missing character: There is no т in font nullfont!
Missing character: There is no р in font nullfont!
Missing character: There is no а in font nullfont!
Missing character: There is no . in font nullfont!
Missing character: There is no ) in font nullfont!

Overfull \hbox (20.0pt too wide) in paragraph at lines 35--36
[]
 []


! LaTeX Error: Missing \begin{document}.

See the LaTeX manual or LaTeX Companion for explanation.
Type  H <return>  for immediate help.
 ...                                              
                                                  
l.37 \par Р
           ассмотрим еще случай равных масс: $m_1 = m_2 = m$. При этом грузы...

You're in trouble here.  Try typing  <return>  to proceed.
If that doesn't work, type  X <return>  to quit.

Missing character: There is no Р in font nullfont!
Missing character: There is no а in font nullfont!
Missing character: There is no с in font nullfont!
Missing character: There is no с in font nullfont!
Missing character: There is no м in font nullfont!
Missing character: There is no о in font nullfont!
Missing character: There is no т in font nullfont!
Missing character: There is no р in font nullfont!
Missing character: There is no и in font nullfont!
Missing character: There is no м in font nullfont!
Missing character: There is no е in font nullfont!
Missing character: There is no щ in font nullfont!
Missing character: There is no е in font nullfont!
Missing character: There is no с in font nullfont!
Missing character: There is no л in font nullfont!
Missing character: There is no у in font nullfont!
Missing character: There is no ч in font nullfont!
Missing character: There is no а in font nullfont!
Missing character: There is no й in font nullfont!
Missing character: There is no р in font nullfont!
Missing character: There is no а in font nullfont!
Missing character: There is no в in font nullfont!
Missing character: There is no н in font nullfont!
Missing character: There is no ы in font nullfont!
Missing character: There is no х in font nullfont!
Missing character: There is no м in font nullfont!
Missing character: There is no а in font nullfont!
Missing character: There is no с in font nullfont!
Missing character: There is no с in font nullfont!
Missing character: There is no : in font nullfont!
Missing character: There is no . in font nullfont!
Missing character: There is no П in font nullfont!
Missing character: There is no р in font nullfont!
Missing character: There is no и in font nullfont!
Missing character: There is no э in font nullfont!
Missing character: There is no т in font nullfont!
Missing character: There is no о in font nullfont!
Missing character: There is no м in font nullfont!
Missing character: There is no г in font nullfont!
Missing character: There is no р in font nullfont!
Missing character: There is no у in font nullfont!
Missing character: There is no з in font nullfont!
Missing character: There is no ы in font nullfont!
Missing character: There is no и in font nullfont!
Missing character: There is no л in font nullfont!
Missing character: There is no и in font nullfont!
Missing character: There is no п in font nullfont!
Missing character: There is no о in font nullfont!
Missing character: There is no к in font nullfont!
Missing character: There is no о in font nullfont!
Missing character: There is no я in font nullfont!
Missing character: There is no т in font nullfont!
Missing character: There is no с in font nullfont!
Missing character: There is no я in font nullfont!
Missing character: There is no , in font nullfont!
Missing character: There is no и in font nullfont!
Missing character: There is no л in font nullfont!
Missing character: There is no и in font nullfont!
Missing character: There is no д in font nullfont!
Missing character: There is no в in font nullfont!
Missing character: There is no и in font nullfont!
Missing character: There is no ж in font nullfont!
Missing character: There is no у in font nullfont!
Missing character: There is no т in font nullfont!
Missing character: There is no с in font nullfont!
Missing character: There is no я in font nullfont!
Missing character: There is no р in font nullfont!
Missing character: There is no а in font nullfont!
Missing character: There is no в in font nullfont!
Missing character: There is no н in font nullfont!
Missing character: There is no о in font nullfont!
Missing character: There is no м in font nullfont!
Missing character: There is no е in font nullfont!
Missing character: There is no р in font nullfont!
Missing character: There is no н in font nullfont!
Missing character: There is no о in font nullfont!
Missing character: There is no . in font nullfont!
Missing character: There is no С in font nullfont!
Missing character: There is no л in font nullfont!
Missing character: There is no е in font nullfont!
Missing character: There is no д in font nullfont!
Missing character: There is no о in font nullfont!
Missing character: There is no в in font nullfont!
Missing character: There is no а in font nullfont!
Missing character: There is no т in font nullfont!
Missing character: There is no е in font nullfont!
Missing character: There is no л in font nullfont!
Missing character: There is no ь in font nullfont!
Missing character: There is no н in font nullfont!
Missing character: There is no о in font nullfont!
Missing character: There is no , in font nullfont!
Missing character: There is no н in font nullfont!
Missing character: There is no а in font nullfont!
Missing character: There is no т in font nullfont!
Missing character: There is no я in font nullfont!
Missing character: There is no ж in font nullfont!
Missing character: There is no е in font nullfont!
Missing character: There is no н in font nullfont!
Missing character: There is no и in font nullfont!
Missing character: There is no е in font nullfont!
Missing character: There is no н in font nullfont!
Missing character: There is no и in font nullfont!
Missing character: There is no т in font nullfont!
Missing character: There is no и in font nullfont!
Missing character: There is no д in font nullfont!
Missing character: There is no о in font nullfont!
Missing character: There is no л in font nullfont!
Missing character: There is no ж in font nullfont!
Missing character: There is no н in font nullfont!
Missing character: There is no о in font nullfont!
Missing character: There is no б in font nullfont!
Missing character: There is no ы in font nullfont!
Missing character: There is no т in font nullfont!
Missing character: There is no ь in font nullfont!
Missing character: There is no р in font nullfont!
Missing character: There is no а in font nullfont!
Missing character: There is no в in font nullfont!
Missing character: There is no н in font nullfont!
Missing character: There is no о in font nullfont!
Missing character: There is no в in font nullfont!
Missing character: There is no е in font nullfont!
Missing character: There is no с in font nullfont!
Missing character: There is no у in font nullfont!
Missing character: There is no о in font nullfont!
Missing character: There is no д in font nullfont!
Missing character: There is no н in font nullfont!
Missing character: There is no о in font nullfont!
Missing character: There is no г in font nullfont!
Missing character: There is no о in font nullfont!
Missing character: There is no и in font nullfont!
Missing character: There is no з in font nullfont!
Missing character: There is no г in font nullfont!
Missing character: There is no р in font nullfont!
Missing character: There is no у in font nullfont!
Missing character: There is no з in font nullfont!
Missing character: There is no о in font nullfont!
Missing character: There is no в in font nullfont!
Missing character: There is no . in font nullfont!
Missing character: There is no Н in font nullfont!
Missing character: There is no е in font nullfont!
Missing character: There is no т in font nullfont!
Missing character: There is no р in font nullfont!
Missing character: There is no у in font nullfont!
Missing character: There is no д in font nullfont!
Missing character: There is no н in font nullfont!
Missing character: There is no о in font nullfont!
Missing character: There is no в in font nullfont!
Missing character: There is no и in font nullfont!
Missing character: There is no д in font nullfont!
Missing character: There is no е in font nullfont!
Missing character: There is no т in font nullfont!
Missing character: There is no ь in font nullfont!
Missing character: There is no , in font nullfont!
Missing character: There is no ч in font nullfont!
Missing character: There is no т in font nullfont!
Missing character: There is no о in font nullfont!
Missing character: There is no ф in font nullfont!
Missing character: There is no о in font nullfont!
Missing character: There is no р in font nullfont!
Missing character: There is no м in font nullfont!
Missing character: There is no у in font nullfont!
Missing character: There is no л in font nullfont!
Missing character: There is no а in font nullfont!
Missing character: There is no д in font nullfont!
Missing character: There is no а in font nullfont!
Missing character: There is no е in font nullfont!
Missing character: There is no т in font nullfont!
Missing character: There is no т in font nullfont!
Missing character: There is no о in font nullfont!
Missing character: There is no т in font nullfont!
Missing character: There is no ж in font nullfont!
Missing character: There is no е in font nullfont!
Missing character: There is no р in font nullfont!
Missing character: There is no е in font nullfont!
Missing character: There is no з in font nullfont!
Missing character: There is no у in font nullfont!
Missing character: There is no л in font nullfont!
Missing character: There is no ь in font nullfont!
Missing character: There is no т in font nullfont!
Missing character: There is no а in font nullfont!
Missing character: There is no т in font nullfont!
Missing character: There is no . in font nullfont!

Overfull \hbox (20.0pt too wide) in paragraph at lines 37--38
[]
 []


Overfull \hbox (23.82178pt too wide) in paragraph at lines 37--38
\OML/cmm/m/it/10 m[] \OT1/cmr/m/n/10 =
 []


Overfull \hbox (23.82178pt too wide) in paragraph at lines 37--38
\OML/cmm/m/it/10 m[] \OT1/cmr/m/n/10 =
 []


Overfull \hbox (8.78014pt too wide) in paragraph at lines 37--38
\OML/cmm/m/it/10 m$
 []


! LaTeX Error: Missing \begin{document}.

See the LaTeX manual or LaTeX Companion for explanation.
Type  H <return>  for immediate help.
 ...                                              
                                                  
l.39 \par 4
           . Иногда при проверке на частных случаях обнаруживается несовпаде...

You're in trouble here.  Try typing  <return>  to proceed.
If that doesn't work, type  X <return>  to quit.

Missing character: There is no 4 in font nullfont!
Missing character: There is no . in font nullfont!
Missing character: There is no И in font nullfont!
Missing character: There is no н in font nullfont!
Missing character: There is no о in font nullfont!
Missing character: There is no г in font nullfont!
Missing character: There is no д in font nullfont!
Missing character: There is no а in font nullfont!
Missing character: There is no п in font nullfont!
Missing character: There is no р in font nullfont!
Missing character: There is no и in font nullfont!
Missing character: There is no п in font nullfont!
Missing character: There is no р in font nullfont!
Missing character: There is no о in font nullfont!
Missing character: There is no в in font nullfont!
Missing character: There is no е in font nullfont!
Missing character: There is no р in font nullfont!
Missing character: There is no к in font nullfont!
Missing character: There is no е in font nullfont!
Missing character: There is no н in font nullfont!
Missing character: There is no а in font nullfont!
Missing character: There is no ч in font nullfont!
Missing character: There is no а in font nullfont!
Missing character: There is no с in font nullfont!
Missing character: There is no т in font nullfont!
Missing character: There is no н in font nullfont!
Missing character: There is no ы in font nullfont!
Missing character: There is no х in font nullfont!
Missing character: There is no с in font nullfont!
Missing character: There is no л in font nullfont!
Missing character: There is no у in font nullfont!
Missing character: There is no ч in font nullfont!
Missing character: There is no а in font nullfont!
Missing character: There is no я in font nullfont!
Missing character: There is no х in font nullfont!
Missing character: There is no о in font nullfont!
Missing character: There is no б in font nullfont!
Missing character: There is no н in font nullfont!
Missing character: There is no а in font nullfont!
Missing character: There is no р in font nullfont!
Missing character: There is no у in font nullfont!
Missing character: There is no ж in font nullfont!
Missing character: There is no и in font nullfont!
Missing character: There is no в in font nullfont!
Missing character: There is no а in font nullfont!
Missing character: There is no е in font nullfont!
Missing character: There is no т in font nullfont!
Missing character: There is no с in font nullfont!
Missing character: There is no я in font nullfont!
Missing character: There is no н in font nullfont!
Missing character: There is no е in font nullfont!
Missing character: There is no с in font nullfont!
Missing character: There is no о in font nullfont!
Missing character: There is no в in font nullfont!
Missing character: There is no п in font nullfont!
Missing character: There is no а in font nullfont!
Missing character: There is no д in font nullfont!
Missing character: There is no е in font nullfont!
Missing character: There is no н in font nullfont!
Missing character: There is no и in font nullfont!
Missing character: There is no е in font nullfont!
Missing character: There is no р in font nullfont!
Missing character: There is no е in font nullfont!
Missing character: There is no з in font nullfont!
Missing character: There is no у in font nullfont!
Missing character: There is no л in font nullfont!
Missing character: There is no ь in font nullfont!
Missing character: There is no т in font nullfont!
Missing character: There is no а in font nullfont!
Missing character: There is no т in font nullfont!
Missing character: There is no а in font nullfont!
Missing character: There is no в in font nullfont!
Missing character: There is no ч in font nullfont!
Missing character: There is no а in font nullfont!
Missing character: There is no с in font nullfont!
Missing character: There is no т in font nullfont!
Missing character: There is no н in font nullfont!
Missing character: There is no о in font nullfont!
Missing character: There is no м in font nullfont!
Missing character: There is no с in font nullfont!
Missing character: There is no л in font nullfont!
Missing character: There is no у in font nullfont!
Missing character: There is no ч in font nullfont!
Missing character: There is no а in font nullfont!
Missing character: There is no е in font nullfont!
Missing character: There is no и in font nullfont!
Missing character: There is no р in font nullfont!
Missing character: There is no е in font nullfont!
Missing character: There is no з in font nullfont!
Missing character: There is no у in font nullfont!
Missing character: There is no л in font nullfont!
Missing character: There is no ь in font nullfont!
Missing character: There is no т in font nullfont!
Missing character: There is no а in font nullfont!
Missing character: There is no т in font nullfont!
Missing character: There is no а in font nullfont!
Missing character: There is no , in font nullfont!
Missing character: There is no п in font nullfont!
Missing character: There is no о in font nullfont!
Missing character: There is no л in font nullfont!
Missing character: There is no у in font nullfont!
Missing character: There is no ч in font nullfont!
Missing character: There is no е in font nullfont!
Missing character: There is no н in font nullfont!
Missing character: There is no н in font nullfont!
Missing character: There is no о in font nullfont!
Missing character: There is no г in font nullfont!
Missing character: There is no о in font nullfont!
Missing character: There is no и in font nullfont!
Missing character: There is no з in font nullfont!
Missing character: There is no о in font nullfont!
Missing character: There is no б in font nullfont!
Missing character: There is no щ in font nullfont!
Missing character: There is no е in font nullfont!
Missing character: There is no й in font nullfont!
Missing character: There is no ф in font nullfont!
Missing character: There is no о in font nullfont!
Missing character: There is no р in font nullfont!
Missing character: There is no м in font nullfont!
Missing character: There is no у in font nullfont!
Missing character: There is no л in font nullfont!
Missing character: There is no ы in font nullfont!
Missing character: There is no . in font nullfont!
Missing character: There is no О in font nullfont!
Missing character: There is no б in font nullfont!
Missing character: There is no ы in font nullfont!
Missing character: There is no ч in font nullfont!
Missing character: There is no н in font nullfont!
Missing character: There is no о in font nullfont!
Missing character: There is no э in font nullfont!
Missing character: There is no т in font nullfont!
Missing character: There is no о in font nullfont!
Missing character: There is no о in font nullfont!
Missing character: There is no б in font nullfont!
Missing character: There is no ъ in font nullfont!
Missing character: There is no я in font nullfont!
Missing character: There is no с in font nullfont!
Missing character: There is no н in font nullfont!
Missing character: There is no я in font nullfont!
Missing character: There is no е in font nullfont!
Missing character: There is no т in font nullfont!
Missing character: There is no с in font nullfont!
Missing character: There is no я in font nullfont!
Missing character: There is no т in font nullfont!
Missing character: There is no е in font nullfont!
Missing character: There is no м in font nullfont!
Missing character: There is no , in font nullfont!
Missing character: There is no ч in font nullfont!
Missing character: There is no т in font nullfont!
Missing character: There is no о in font nullfont!
Missing character: There is no в in font nullfont!
Missing character: There is no з in font nullfont!
Missing character: There is no я in font nullfont!
Missing character: There is no т in font nullfont!
Missing character: There is no о in font nullfont!
Missing character: There is no е in font nullfont!
Missing character: There is no н in font nullfont!
Missing character: There is no а in font nullfont!
Missing character: There is no у in font nullfont!
Missing character: There is no г in font nullfont!
Missing character: There is no а in font nullfont!
Missing character: There is no д in font nullfont!
Missing character: There is no ч in font nullfont!
Missing character: There is no а in font nullfont!
Missing character: There is no с in font nullfont!
Missing character: There is no т in font nullfont!
Missing character: There is no н in font nullfont!
Missing character: There is no о in font nullfont!
Missing character: There is no е in font nullfont!
Missing character: There is no з in font nullfont!
Missing character: There is no н in font nullfont!
Missing character: There is no а in font nullfont!
Missing character: There is no ч in font nullfont!
Missing character: There is no е in font nullfont!
Missing character: There is no н in font nullfont!
Missing character: There is no и in font nullfont!
Missing character: There is no е in font nullfont!
Missing character: There is no п in font nullfont!
Missing character: There is no а in font nullfont!
Missing character: There is no р in font nullfont!
Missing character: There is no а in font nullfont!
Missing character: There is no м in font nullfont!
Missing character: There is no е in font nullfont!
Missing character: There is no т in font nullfont!
Missing character: There is no р in font nullfont!
Missing character: There is no а in font nullfont!
Missing character: There is no н in font nullfont!
Missing character: There is no е in font nullfont!
Missing character: There is no п in font nullfont!
Missing character: There is no о in font nullfont!
Missing character: There is no п in font nullfont!
Missing character: There is no а in font nullfont!
Missing character: There is no л in font nullfont!
Missing character: There is no о in font nullfont!
Missing character: There is no в in font nullfont!
Missing character: There is no о in font nullfont!
Missing character: There is no б in font nullfont!
Missing character: There is no л in font nullfont!
Missing character: There is no а in font nullfont!
Missing character: There is no с in font nullfont!
Missing character: There is no т in font nullfont!
Missing character: There is no ь in font nullfont!
Missing character: There is no д in font nullfont!
Missing character: There is no о in font nullfont!
Missing character: There is no п in font nullfont!
Missing character: There is no у in font nullfont!
Missing character: There is no с in font nullfont!
Missing character: There is no т in font nullfont!
Missing character: There is no и in font nullfont!
Missing character: There is no м in font nullfont!
Missing character: There is no ы in font nullfont!
Missing character: There is no х in font nullfont!
Missing character: There is no з in font nullfont!
Missing character: There is no н in font nullfont!
Missing character: There is no а in font nullfont!
Missing character: There is no ч in font nullfont!
Missing character: There is no е in font nullfont!
Missing character: There is no н in font nullfont!
Missing character: There is no и in font nullfont!
Missing character: There is no й in font nullfont!
Missing character: There is no . in font nullfont!
Missing character: There is no Т in font nullfont!
Missing character: There is no а in font nullfont!
Missing character: There is no к in font nullfont!
Missing character: There is no а in font nullfont!
Missing character: There is no я in font nullfont!
Missing character: There is no н in font nullfont!
Missing character: There is no е in font nullfont!
Missing character: There is no п in font nullfont!
Missing character: There is no р in font nullfont!
Missing character: There is no и in font nullfont!
Missing character: There is no я in font nullfont!
Missing character: There is no т in font nullfont!
Missing character: There is no н in font nullfont!
Missing character: There is no а in font nullfont!
Missing character: There is no я in font nullfont!
Missing character: There is no в in font nullfont!
Missing character: There is no о in font nullfont!
Missing character: There is no з in font nullfont!
Missing character: There is no м in font nullfont!
Missing character: There is no о in font nullfont!
Missing character: There is no ж in font nullfont!
Missing character: There is no н in font nullfont!
Missing character: There is no о in font nullfont!
Missing character: There is no с in font nullfont!
Missing character: There is no т in font nullfont!
Missing character: There is no ь in font nullfont!
Missing character: There is no г in font nullfont!
Missing character: There is no о in font nullfont!
Missing character: There is no в in font nullfont!
Missing character: There is no о in font nullfont!
Missing character: There is no р in font nullfont!
Missing character: There is no и in font nullfont!
Missing character: There is no т in font nullfont!
Missing character: There is no о in font nullfont!
Missing character: There is no н in font nullfont!
Missing character: There is no е in font nullfont!
Missing character: There is no о in font nullfont!
Missing character: There is no б in font nullfont!
Missing character: There is no х in font nullfont!
Missing character: There is no о in font nullfont!
Missing character: There is no д in font nullfont!
Missing character: There is no и in font nullfont!
Missing character: There is no м in font nullfont!
Missing character: There is no о in font nullfont!
Missing character: There is no с in font nullfont!
Missing character: There is no т in font nullfont!
Missing character: There is no и in font nullfont!
Missing character: There is no с in font nullfont!
Missing character: There is no о in font nullfont!
Missing character: There is no п in font nullfont!
Missing character: There is no р in font nullfont!
Missing character: There is no о in font nullfont!
Missing character: There is no в in font nullfont!
Missing character: There is no о in font nullfont!
Missing character: There is no ж in font nullfont!
Missing character: There is no д in font nullfont!
Missing character: There is no а in font nullfont!
Missing character: There is no т in font nullfont!
Missing character: There is no ь in font nullfont!
Missing character: There is no о in font nullfont!
Missing character: There is no т in font nullfont!
Missing character: There is no в in font nullfont!
Missing character: There is no е in font nullfont!
Missing character: There is no т in font nullfont!
Missing character: There is no у in font nullfont!
Missing character: There is no к in font nullfont!
Missing character: There is no а in font nullfont!
Missing character: There is no з in font nullfont!
Missing character: There is no а in font nullfont!
Missing character: There is no н in font nullfont!
Missing character: There is no и in font nullfont!
Missing character: There is no е in font nullfont!
Missing character: There is no м in font nullfont!
Missing character: There is no о in font nullfont!
Missing character: There is no б in font nullfont!
Missing character: There is no л in font nullfont!
Missing character: There is no а in font nullfont!
Missing character: There is no с in font nullfont!
Missing character: There is no т in font nullfont!
Missing character: There is no и in font nullfont!
Missing character: There is no д in font nullfont!
Missing character: There is no о in font nullfont!
Missing character: There is no п in font nullfont!
Missing character: There is no у in font nullfont!
Missing character: There is no с in font nullfont!
Missing character: There is no т in font nullfont!
Missing character: There is no и in font nullfont!
Missing character: There is no м in font nullfont!
Missing character: There is no ы in font nullfont!
Missing character: There is no х in font nullfont!
Missing character: There is no з in font nullfont!
Missing character: There is no н in font nullfont!
Missing character: There is no а in font nullfont!
Missing character: There is no ч in font nullfont!
Missing character: There is no е in font nullfont!
Missing character: There is no н in font nullfont!
Missing character: There is no и in font nullfont!
Missing character: There is no й in font nullfont!
Missing character: There is no п in font nullfont!
Missing character: There is no а in font nullfont!
Missing character: There is no р in font nullfont!
Missing character: There is no а in font nullfont!
Missing character: There is no м in font nullfont!
Missing character: There is no е in font nullfont!
Missing character: There is no т in font nullfont!
Missing character: There is no р in font nullfont!
Missing character: There is no о in font nullfont!
Missing character: There is no в in font nullfont!
Missing character: There is no . in font nullfont!

Overfull \hbox (20.0pt too wide) in paragraph at lines 39--40
[]
 []


! LaTeX Error: Missing \begin{document}.

See the LaTeX manual or LaTeX Companion for explanation.
Type  H <return>  for immediate help.
 ...                                              
                                                  
l.41 \par В
           от характерный пример:
You're in trouble here.  Try typing  <return>  to proceed.
If that doesn't work, type  X <return>  to quit.

Missing character: There is no В in font nullfont!
Missing character: There is no о in font nullfont!
Missing character: There is no т in font nullfont!
Missing character: There is no х in font nullfont!
Missing character: There is no а in font nullfont!
Missing character: There is no р in font nullfont!
Missing character: There is no а in font nullfont!
Missing character: There is no к in font nullfont!
Missing character: There is no т in font nullfont!
Missing character: There is no е in font nullfont!
Missing character: There is no р in font nullfont!
Missing character: There is no н in font nullfont!
Missing character: There is no ы in font nullfont!
Missing character: There is no й in font nullfont!
Missing character: There is no п in font nullfont!
Missing character: There is no р in font nullfont!
Missing character: There is no и in font nullfont!
Missing character: There is no м in font nullfont!
Missing character: There is no е in font nullfont!
Missing character: There is no р in font nullfont!
Missing character: There is no : in font nullfont!

Overfull \hbox (20.0pt too wide) in paragraph at lines 41--42
[]
 []


! LaTeX Error: Missing \begin{document}.

See the LaTeX manual or LaTeX Companion for explanation.
Type  H <return>  for immediate help.
 ...                                              
                                                  
l.43 \par З
            а д а ч а \enspace 3. \textit{К телу массой $m$, находящемуся на...

You're in trouble here.  Try typing  <return>  to proceed.
If that doesn't work, type  X <return>  to quit.

Missing character: There is no З in font nullfont!
Missing character: There is no а in font nullfont!
Missing character: There is no д in font nullfont!
Missing character: There is no а in font nullfont!
Missing character: There is no ч in font nullfont!
Missing character: There is no а in font nullfont!
Missing character: There is no 3 in font nullfont!
Missing character: There is no . in font nullfont!
Missing character: There is no К in font [lmroman10-italic]:mapping=tex-text;!
Missing character: There is no т in font [lmroman10-italic]:mapping=tex-text;!
Missing character: There is no е in font [lmroman10-italic]:mapping=tex-text;!
Missing character: There is no л in font [lmroman10-italic]:mapping=tex-text;!
Missing character: There is no у in font [lmroman10-italic]:mapping=tex-text;!
Missing character: There is no м in font [lmroman10-italic]:mapping=tex-text;!
Missing character: There is no а in font [lmroman10-italic]:mapping=tex-text;!
Missing character: There is no с in font [lmroman10-italic]:mapping=tex-text;!
Missing character: There is no с in font [lmroman10-italic]:mapping=tex-text;!
Missing character: There is no о in font [lmroman10-italic]:mapping=tex-text;!
Missing character: There is no й in font [lmroman10-italic]:mapping=tex-text;!
Missing character: There is no н in font [lmroman10-italic]:mapping=tex-text;!
Missing character: There is no а in font [lmroman10-italic]:mapping=tex-text;!
Missing character: There is no х in font [lmroman10-italic]:mapping=tex-text;!
Missing character: There is no о in font [lmroman10-italic]:mapping=tex-text;!
Missing character: There is no д in font [lmroman10-italic]:mapping=tex-text;!
Missing character: There is no я in font [lmroman10-italic]:mapping=tex-text;!
Missing character: There is no щ in font [lmroman10-italic]:mapping=tex-text;!
Missing character: There is no е in font [lmroman10-italic]:mapping=tex-text;!
Missing character: There is no м in font [lmroman10-italic]:mapping=tex-text;!
Missing character: There is no у in font [lmroman10-italic]:mapping=tex-text;!
Missing character: There is no с in font [lmroman10-italic]:mapping=tex-text;!
Missing character: There is no я in font [lmroman10-italic]:mapping=tex-text;!
Missing character: There is no н in font [lmroman10-italic]:mapping=tex-text;!
Missing character: There is no а in font [lmroman10-italic]:mapping=tex-text;!
Missing character: There is no г in font [lmroman10-italic]:mapping=tex-text;!
Missing character: There is no о in font [lmroman10-italic]:mapping=tex-text;!
Missing character: There is no р in font [lmroman10-italic]:mapping=tex-text;!
Missing character: There is no и in font [lmroman10-italic]:mapping=tex-text;!
Missing character: There is no з in font [lmroman10-italic]:mapping=tex-text;!
Missing character: There is no о in font [lmroman10-italic]:mapping=tex-text;!
Missing character: There is no н in font [lmroman10-italic]:mapping=tex-text;!
Missing character: There is no т in font [lmroman10-italic]:mapping=tex-text;!
Missing character: There is no а in font [lmroman10-italic]:mapping=tex-text;!
Missing character: There is no л in font [lmroman10-italic]:mapping=tex-text;!
Missing character: There is no ь in font [lmroman10-italic]:mapping=tex-text;!
Missing character: There is no н in font [lmroman10-italic]:mapping=tex-text;!
Missing character: There is no о in font [lmroman10-italic]:mapping=tex-text;!
Missing character: There is no й in font [lmroman10-italic]:mapping=tex-text;!
Missing character: There is no п in font [lmroman10-italic]:mapping=tex-text;!
Missing character: There is no о in font [lmroman10-italic]:mapping=tex-text;!
Missing character: There is no в in font [lmroman10-italic]:mapping=tex-text;!
Missing character: There is no е in font [lmroman10-italic]:mapping=tex-text;!
Missing character: There is no р in font [lmroman10-italic]:mapping=tex-text;!
Missing character: There is no х in font [lmroman10-italic]:mapping=tex-text;!
Missing character: There is no н in font [lmroman10-italic]:mapping=tex-text;!
Missing character: There is no о in font [lmroman10-italic]:mapping=tex-text;!
Missing character: There is no с in font [lmroman10-italic]:mapping=tex-text;!
Missing character: There is no т in font [lmroman10-italic]:mapping=tex-text;!
Missing character: There is no и in font [lmroman10-italic]:mapping=tex-text;!
Missing character: There is no п in font [lmroman10-italic]:mapping=tex-text;!
Missing character: There is no р in font [lmroman10-italic]:mapping=tex-text;!
Missing character: There is no и in font [lmroman10-italic]:mapping=tex-text;!
Missing character: There is no л in font [lmroman10-italic]:mapping=tex-text;!
Missing character: There is no о in font [lmroman10-italic]:mapping=tex-text;!
Missing character: There is no ж in font [lmroman10-italic]:mapping=tex-text;!
Missing character: There is no е in font [lmroman10-italic]:mapping=tex-text;!
Missing character: There is no н in font [lmroman10-italic]:mapping=tex-text;!
Missing character: There is no а in font [lmroman10-italic]:mapping=tex-text;!
Missing character: There is no с in font [lmroman10-italic]:mapping=tex-text;!
Missing character: There is no и in font [lmroman10-italic]:mapping=tex-text;!
Missing character: There is no л in font [lmroman10-italic]:mapping=tex-text;!
Missing character: There is no а in font [lmroman10-italic]:mapping=tex-text;!
Missing character: There is no н in font [lmroman10-italic]:mapping=tex-text;!
Missing character: There is no а in font [lmroman10-italic]:mapping=tex-text;!
Missing character: There is no п in font [lmroman10-italic]:mapping=tex-text;!
Missing character: There is no р in font [lmroman10-italic]:mapping=tex-text;!
Missing character: There is no а in font [lmroman10-italic]:mapping=tex-text;!
Missing character: There is no в in font [lmroman10-italic]:mapping=tex-text;!
Missing character: There is no л in font [lmroman10-italic]:mapping=tex-text;!
Missing character: There is no е in font [lmroman10-italic]:mapping=tex-text;!
Missing character: There is no н in font [lmroman10-italic]:mapping=tex-text;!
Missing character: There is no н in font [lmroman10-italic]:mapping=tex-text;!
Missing character: There is no а in font [lmroman10-italic]:mapping=tex-text;!
Missing character: There is no я in font [lmroman10-italic]:mapping=tex-text;!
Missing character: There is no в in font [lmroman10-italic]:mapping=tex-text;!
Missing character: There is no н in font [lmroman10-italic]:mapping=tex-text;!
Missing character: There is no и in font [lmroman10-italic]:mapping=tex-text;!
Missing character: There is no з in font [lmroman10-italic]:mapping=tex-text;!
Missing character: There is no п in font [lmroman10-italic]:mapping=tex-text;!
Missing character: There is no о in font [lmroman10-italic]:mapping=tex-text;!
Missing character: There is no д in font [lmroman10-italic]:mapping=tex-text;!
Missing character: There is no у in font [lmroman10-italic]:mapping=tex-text;!
Missing character: There is no г in font [lmroman10-italic]:mapping=tex-text;!
Missing character: There is no л in font [lmroman10-italic]:mapping=tex-text;!
Missing character: There is no о in font [lmroman10-italic]:mapping=tex-text;!
Missing character: There is no м in font [lmroman10-italic]:mapping=tex-text;!
Missing character: There is no к in font [lmroman10-italic]:mapping=tex-text;!
Missing character: There is no г in font [lmroman10-italic]:mapping=tex-text;!
Missing character: There is no о in font [lmroman10-italic]:mapping=tex-text;!
Missing character: There is no р in font [lmroman10-italic]:mapping=tex-text;!
Missing character: There is no и in font [lmroman10-italic]:mapping=tex-text;!
Missing character: There is no з in font [lmroman10-italic]:mapping=tex-text;!
Missing character: There is no о in font [lmroman10-italic]:mapping=tex-text;!
Missing character: There is no н in font [lmroman10-italic]:mapping=tex-text;!
Missing character: There is no т in font [lmroman10-italic]:mapping=tex-text;!
Missing character: There is no у in font [lmroman10-italic]:mapping=tex-text;!
Missing character: There is no р in font [lmroman10-italic]:mapping=tex-text;!
Missing character: There is no и in font [lmroman10-italic]:mapping=tex-text;!
Missing character: There is no с in font [lmroman10-italic]:mapping=tex-text;!
Missing character: There is no К in font [lmroman10-italic]:mapping=tex-text;!
Missing character: There is no о in font [lmroman10-italic]:mapping=tex-text;!
Missing character: There is no э in font [lmroman10-italic]:mapping=tex-text;!
Missing character: There is no ф in font [lmroman10-italic]:mapping=tex-text;!
Missing character: There is no ф in font [lmroman10-italic]:mapping=tex-text;!
Missing character: There is no и in font [lmroman10-italic]:mapping=tex-text;!
Missing character: There is no ц in font [lmroman10-italic]:mapping=tex-text;!
Missing character: There is no и in font [lmroman10-italic]:mapping=tex-text;!
Missing character: There is no е in font [lmroman10-italic]:mapping=tex-text;!
Missing character: There is no н in font [lmroman10-italic]:mapping=tex-text;!
Missing character: There is no т in font [lmroman10-italic]:mapping=tex-text;!
Missing character: There is no т in font [lmroman10-italic]:mapping=tex-text;!
Missing character: There is no р in font [lmroman10-italic]:mapping=tex-text;!
Missing character: There is no е in font [lmroman10-italic]:mapping=tex-text;!
Missing character: There is no н in font [lmroman10-italic]:mapping=tex-text;!
Missing character: There is no и in font [lmroman10-italic]:mapping=tex-text;!
Missing character: There is no я in font [lmroman10-italic]:mapping=tex-text;!
Missing character: There is no м in font [lmroman10-italic]:mapping=tex-text;!
Missing character: There is no е in font [lmroman10-italic]:mapping=tex-text;!
Missing character: There is no ж in font [lmroman10-italic]:mapping=tex-text;!
Missing character: There is no д in font [lmroman10-italic]:mapping=tex-text;!
Missing character: There is no у in font [lmroman10-italic]:mapping=tex-text;!
Missing character: There is no т in font [lmroman10-italic]:mapping=tex-text;!
Missing character: There is no е in font [lmroman10-italic]:mapping=tex-text;!
Missing character: There is no л in font [lmroman10-italic]:mapping=tex-text;!
Missing character: There is no о in font [lmroman10-italic]:mapping=tex-text;!
Missing character: There is no м in font [lmroman10-italic]:mapping=tex-text;!
Missing character: There is no и in font [lmroman10-italic]:mapping=tex-text;!
Missing character: There is no п in font [lmroman10-italic]:mapping=tex-text;!
Missing character: There is no о in font [lmroman10-italic]:mapping=tex-text;!
Missing character: There is no в in font [lmroman10-italic]:mapping=tex-text;!
Missing character: There is no е in font [lmroman10-italic]:mapping=tex-text;!
Missing character: There is no р in font [lmroman10-italic]:mapping=tex-text;!
Missing character: There is no х in font [lmroman10-italic]:mapping=tex-text;!
Missing character: There is no н in font [lmroman10-italic]:mapping=tex-text;!
Missing character: There is no о in font [lmroman10-italic]:mapping=tex-text;!
Missing character: There is no с in font [lmroman10-italic]:mapping=tex-text;!
Missing character: There is no т in font [lmroman10-italic]:mapping=tex-text;!
Missing character: There is no ь in font [lmroman10-italic]:mapping=tex-text;!
Missing character: There is no ю in font [lmroman10-italic]:mapping=tex-text;!
Missing character: There is no р in font [lmroman10-italic]:mapping=tex-text;!
Missing character: There is no а in font [lmroman10-italic]:mapping=tex-text;!
Missing character: There is no в in font [lmroman10-italic]:mapping=tex-text;!
Missing character: There is no е in font [lmroman10-italic]:mapping=tex-text;!
Missing character: There is no н in font [lmroman10-italic]:mapping=tex-text;!
Missing character: There is no Н in font [lmroman10-italic]:mapping=tex-text;!
Missing character: There is no а in font [lmroman10-italic]:mapping=tex-text;!
Missing character: There is no й in font [lmroman10-italic]:mapping=tex-text;!
Missing character: There is no т in font [lmroman10-italic]:mapping=tex-text;!
Missing character: There is no и in font [lmroman10-italic]:mapping=tex-text;!
Missing character: There is no у in font [lmroman10-italic]:mapping=tex-text;!
Missing character: There is no с in font [lmroman10-italic]:mapping=tex-text;!
Missing character: There is no к in font [lmroman10-italic]:mapping=tex-text;!
Missing character: There is no о in font [lmroman10-italic]:mapping=tex-text;!
Missing character: There is no р in font [lmroman10-italic]:mapping=tex-text;!
Missing character: There is no е in font [lmroman10-italic]:mapping=tex-text;!
Missing character: There is no н in font [lmroman10-italic]:mapping=tex-text;!
Missing character: There is no и in font [lmroman10-italic]:mapping=tex-text;!
Missing character: There is no е in font [lmroman10-italic]:mapping=tex-text;!
Missing character: There is no т in font [lmroman10-italic]:mapping=tex-text;!
Missing character: There is no е in font [lmroman10-italic]:mapping=tex-text;!
Missing character: There is no л in font [lmroman10-italic]:mapping=tex-text;!
Missing character: There is no а in font [lmroman10-italic]:mapping=tex-text;!

Overfull \hbox (20.0pt too wide) in paragraph at lines 43--44
[]
 []


Overfull \hbox (2.8pt too wide) in paragraph at lines 43--44
\TU/lmr/m/it/10 К
 []


Overfull \hbox (11.2pt too wide) in paragraph at lines 43--44
\TU/lmr/m/it/10 телу
 []


Overfull \hbox (16.8pt too wide) in paragraph at lines 43--44
\TU/lmr/m/it/10 массой
 []


Overfull \hbox (11.85014pt too wide) in paragraph at lines 43--44
\OML/cmm/m/it/10 m$\TU/lmr/m/it/10 ,
 []


Overfull \hbox (33.6pt too wide) in paragraph at lines 43--44
\TU/lmr/m/it/10 находящемуся
 []


Overfull \hbox (5.6pt too wide) in paragraph at lines 43--44
\TU/lmr/m/it/10 на
 []


Overfull \hbox (39.2pt too wide) in paragraph at lines 43--44
\TU/lmr/m/it/10 горизонтальной
 []


Overfull \hbox (33.87pt too wide) in paragraph at lines 43--44
\TU/lmr/m/it/10 поверхности,
 []


Overfull \hbox (25.2pt too wide) in paragraph at lines 43--44
\TU/lmr/m/it/10 приложена
 []


Overfull \hbox (11.2pt too wide) in paragraph at lines 43--44
\TU/lmr/m/it/10 сила
 []


Overfull \hbox (10.88947pt too wide) in paragraph at lines 43--44
[]$\TU/lmr/m/it/10 ,
 []


Overfull \hbox (33.6pt too wide) in paragraph at lines 43--44
\TU/lmr/m/it/10 направленная
 []


Overfull \hbox (11.2pt too wide) in paragraph at lines 43--44
\TU/lmr/m/it/10 вниз
 []


Overfull \hbox (8.4pt too wide) in paragraph at lines 43--44
\TU/lmr/m/it/10 под
 []


Overfull \hbox (14.0pt too wide) in paragraph at lines 43--44
\TU/lmr/m/it/10 углом
 []


Overfull \hbox (6.43404pt too wide) in paragraph at lines 43--44
\OML/cmm/m/it/10 ^^K$
 []


Overfull \hbox (2.8pt too wide) in paragraph at lines 43--44
\TU/lmr/m/it/10 к
 []


Overfull \hbox (25.2pt too wide) in paragraph at lines 43--44
\TU/lmr/m/it/10 горизонту
 []


Overfull \hbox (15.56pt too wide) in paragraph at lines 43--44
\TU/lmr/m/it/10 (рис.
 []


Overfull \hbox (12.27pt too wide) in paragraph at lines 43--44
\TU/lmr/m/it/10 3).
 []


Overfull \hbox (30.8pt too wide) in paragraph at lines 43--44
\TU/lmr/m/it/10 Коэффициент
 []


Overfull \hbox (16.8pt too wide) in paragraph at lines 43--44
\TU/lmr/m/it/10 трения
 []


Overfull \hbox (14.0pt too wide) in paragraph at lines 43--44
\TU/lmr/m/it/10 между
 []


Overfull \hbox (14.0pt too wide) in paragraph at lines 43--44
\TU/lmr/m/it/10 телом
 []


Overfull \hbox (2.8pt too wide) in paragraph at lines 43--44
\TU/lmr/m/it/10 и
 []


Overfull \hbox (33.6pt too wide) in paragraph at lines 43--44
\TU/lmr/m/it/10 поверхностью
 []


Overfull \hbox (14.0pt too wide) in paragraph at lines 43--44
\TU/lmr/m/it/10 равен
 []


Overfull \hbox (7.67pt too wide) in paragraph at lines 43--44
\TU/lmr/m/it/10 k.
 []


Overfull \hbox (14.0pt too wide) in paragraph at lines 43--44
\TU/lmr/m/it/10 Найти
 []


Overfull \hbox (25.2pt too wide) in paragraph at lines 43--44
\TU/lmr/m/it/10 ускорение
 []


Overfull \hbox (14.27pt too wide) in paragraph at lines 43--44
\TU/lmr/m/it/10 тела. 
 []


! LaTeX Error: Missing \begin{document}.

See the LaTeX manual or LaTeX Companion for explanation.
Type  H <return>  for immediate help.
 ...                                              
                                                  
l.44 \par Т
            и п и ч н ы й \enspace о т в е т:
You're in trouble here.  Try typing  <return>  to proceed.
If that doesn't work, type  X <return>  to quit.

Missing character: There is no Т in font nullfont!
Missing character: There is no и in font nullfont!
Missing character: There is no п in font nullfont!
Missing character: There is no и in font nullfont!
Missing character: There is no ч in font nullfont!
Missing character: There is no н in font nullfont!
Missing character: There is no ы in font nullfont!
Missing character: There is no й in font nullfont!
Missing character: There is no о in font nullfont!
Missing character: There is no т in font nullfont!
Missing character: There is no в in font nullfont!
Missing character: There is no е in font nullfont!
Missing character: There is no т in font nullfont!
Missing character: There is no : in font nullfont!

Overfull \hbox (20.0pt too wide) in paragraph at lines 44--45
[]
 []


! LaTeX Error: Missing \begin{document}.

See the LaTeX manual or LaTeX Companion for explanation.
Type  H <return>  for immediate help.
 ...                                              
                                                  
l.46 \begin{center}
                   
You're in trouble here.  Try typing  <return>  to proceed.
If that doesn't work, type  X <return>  to quit.


Overfull \hbox (20.0pt too wide) in paragraph at lines 46--46
[] 
 []

! Undefined control sequence.
l.47 ^^I{\large
                $|\;\vec{a}\;| = \frac{|\;\vec{F}\;| cos \, \alpha \; - \; k...
The control sequence at the end of the top line
of your error message was never \def'ed. If you have
misspelled it (e.g., `\hobx'), type `I' and the correct
spelling (e.g., `I\hbox'). Otherwise just continue,
and I'll forget about whatever was undefined.

Missing character: There is no . in font nullfont!

Overfull \hbox (26.9524pt too wide) in paragraph at lines 47--48
 \OMS/cmsy/m/n/10 j [] j \OT1/cmr/m/n/10 = 
 []


Overfull \hbox (112.68465pt too wide) in paragraph at lines 47--48
 []$ 
 []


! LaTeX Error: Environment figure undefined.

See the LaTeX manual or LaTeX Companion for explanation.
Type  H <return>  for immediate help.
 ...                                              
                                                  
l.50 \begin{figure}
                   [H]
Your command was ignored.
Type  I <command> <return>  to replace it with another command,
or  <return>  to continue without it.

Missing character: There is no [ in font nullfont!
Missing character: There is no H in font nullfont!
Missing character: There is no ] in font nullfont!
! Undefined control sequence.
<argument> \includegraphics 
                            [scale=0.8]{2.png}
l.52 ^^I\fbox{\includegraphics[scale=0.8]{2.png}}
                                                 
The control sequence at the end of the top line
of your error message was never \def'ed. If you have
misspelled it (e.g., `\hobx'), type `I' and the correct
spelling (e.g., `I\hbox'). Otherwise just continue,
and I'll forget about whatever was undefined.

Missing character: There is no [ in font nullfont!
Missing character: There is no s in font nullfont!
Missing character: There is no c in font nullfont!
Missing character: There is no a in font nullfont!
Missing character: There is no l in font nullfont!
Missing character: There is no e in font nullfont!
Missing character: There is no = in font nullfont!
Missing character: There is no 0 in font nullfont!
Missing character: There is no . in font nullfont!
Missing character: There is no 8 in font nullfont!
Missing character: There is no ] in font nullfont!
Missing character: There is no 2 in font nullfont!
Missing character: There is no . in font nullfont!
Missing character: There is no p in font nullfont!
Missing character: There is no n in font nullfont!
Missing character: There is no g in font nullfont!

! LaTeX Error: \caption outside float.

See the LaTeX manual or LaTeX Companion for explanation.
Type  H <return>  for immediate help.
 ...                                              
                                                  
l.53 ^^I\caption
                {}
You're in trouble here.  Try typing  <return>  to proceed.
If that doesn't work, type  X <return>  to quit.


! LaTeX Error: \begin{document} ended by \end{figure}.

See the LaTeX manual or LaTeX Companion for explanation.
Type  H <return>  for immediate help.
 ...                                              
                                                  
l.54 \end{figure}
                 
Your command was ignored.
Type  I <command> <return>  to replace it with another command,
or  <return>  to continue without it.


Overfull \hbox (20.0pt too wide) in paragraph at lines 50--55
[]
 []


Overfull \hbox (6.79999pt too wide) in paragraph at lines 50--55
[]
 []


! LaTeX Error: \begin{document} ended by \end{multicols*}.

See the LaTeX manual or LaTeX Companion for explanation.
Type  H <return>  for immediate help.
 ...                                              
                                                  
l.56 \end{multicols*}
                     
Your command was ignored.
Type  I <command> <return>  to replace it with another command,
or  <return>  to continue without it.


! LaTeX Error: The font size command \normalsize is not defined:
               there is probably something wrong with the class file.

See the LaTeX manual or LaTeX Companion for explanation.
Type  H <return>  for immediate help.
 ...                                              
                                                  
l.57 \newpage
             
Your command was ignored.
Type  I <command> <return>  to replace it with another command,
or  <return>  to continue without it.

[41]
! Undefined control sequence.
l.58 \fancyhf
             {}
The control sequence at the end of the top line
of your error message was never \def'ed. If you have
misspelled it (e.g., `\hobx'), type `I' and the correct
spelling (e.g., `I\hbox'). Otherwise just continue,
and I'll forget about whatever was undefined.

! Undefined control sequence.
l.60 \fancyfoot
               [R]{\textbf{\thepage}\hspace{3.5cm}}
The control sequence at the end of the top line
of your error message was never \def'ed. If you have
misspelled it (e.g., `\hobx'), type `I' and the correct
spelling (e.g., `I\hbox'). Otherwise just continue,
and I'll forget about whatever was undefined.


! LaTeX Error: Missing \begin{document}.

See the LaTeX manual or LaTeX Companion for explanation.
Type  H <return>  for immediate help.
 ...                                              
                                                  
l.60 \fancyfoot[
                R]{\textbf{\thepage}\hspace{3.5cm}}
You're in trouble here.  Try typing  <return>  to proceed.
If that doesn't work, type  X <return>  to quit.

Missing character: There is no [ in font nullfont!
Missing character: There is no R in font nullfont!
Missing character: There is no ] in font nullfont!
! Undefined control sequence.
<recently read> \thepage 
                         
l.60 \fancyfoot[R]{\textbf{\thepage}
                                    \hspace{3.5cm}}
The control sequence at the end of the top line
of your error message was never \def'ed. If you have
misspelled it (e.g., `\hobx'), type `I' and the correct
spelling (e.g., `I\hbox'). Otherwise just continue,
and I'll forget about whatever was undefined.


Overfull \hbox (20.0pt too wide) in paragraph at lines 60--61
[]
 []


! LaTeX Error: The font size command \normalsize is not defined:
               there is probably something wrong with the class file.

See the LaTeX manual or LaTeX Companion for explanation.
Type  H <return>  for immediate help.
 ...                                              
                                                  
l.61 \twocolumn
               
Your command was ignored.
Type  I <command> <return>  to replace it with another command,
or  <return>  to continue without it.

[17]

! LaTeX Error: Missing \begin{document}.

See the LaTeX manual or LaTeX Companion for explanation.
Type  H <return>  for immediate help.
 ...                                              
                                                  
l.65 \noindent
              
You're in trouble here.  Try typing  <return>  to proceed.
If that doesn't work, type  X <return>  to quit.

Missing character: There is no с in font nullfont!
Missing character: There is no о in font nullfont!
Missing character: There is no о in font nullfont!
Missing character: There is no б in font nullfont!
Missing character: There is no щ in font nullfont!
Missing character: There is no е in font nullfont!
Missing character: There is no н in font nullfont!
Missing character: There is no и in font nullfont!
Missing character: There is no й in font nullfont!
Missing character: There is no и in font nullfont!
Missing character: There is no и in font nullfont!
Missing character: There is no м in font nullfont!
Missing character: There is no е in font nullfont!
Missing character: There is no е in font nullfont!
Missing character: There is no м in font nullfont!
Missing character: There is no , in font nullfont!
Missing character: There is no с in font nullfont!
Missing character: There is no о in font nullfont!
Missing character: There is no о in font nullfont!
Missing character: There is no т in font nullfont!
Missing character: There is no в in font nullfont!
Missing character: There is no е in font nullfont!
Missing character: There is no т in font nullfont!
Missing character: There is no с in font nullfont!
Missing character: There is no т in font nullfont!
Missing character: There is no в in font nullfont!
Missing character: There is no е in font nullfont!
Missing character: There is no н in font nullfont!
Missing character: There is no н in font nullfont!
Missing character: There is no о in font nullfont!
Missing character: There is no , in font nullfont!
Missing character: There is no п in font nullfont!
Missing character: There is no о in font nullfont!
Missing character: There is no с in font nullfont!
Missing character: There is no л in font nullfont!
Missing character: There is no е in font nullfont!
Missing character: There is no д in font nullfont!
Missing character: There is no о in font nullfont!
Missing character: There is no в in font nullfont!
Missing character: There is no а in font nullfont!
Missing character: There is no т in font nullfont!
Missing character: There is no е in font nullfont!
Missing character: There is no л in font nullfont!
Missing character: There is no ь in font nullfont!
Missing character: There is no н in font nullfont!
Missing character: There is no о in font nullfont!
Missing character: There is no с in font nullfont!
Missing character: There is no т in font nullfont!
Missing character: There is no и in font nullfont!
Missing character: There is no 1 in font nullfont!
Missing character: There is no 1 in font nullfont!
Missing character: There is no 0 in font nullfont!
Missing character: There is no и in font nullfont!
Missing character: There is no 1 in font nullfont!
Missing character: There is no 1 in font nullfont!
Missing character: There is no 1 in font nullfont!
Missing character: There is no . in font nullfont!
Missing character: There is no И in font nullfont!
Missing character: There is no т in font nullfont!
Missing character: There is no а in font nullfont!
Missing character: There is no к in font nullfont!
Missing character: There is no , in font nullfont!
Missing character: There is no м in font nullfont!
Missing character: There is no ы in font nullfont!
Missing character: There is no п in font nullfont!
Missing character: There is no о in font nullfont!
Missing character: There is no л in font nullfont!
Missing character: There is no у in font nullfont!
Missing character: There is no ч in font nullfont!
Missing character: There is no а in font nullfont!
Missing character: There is no е in font nullfont!
Missing character: There is no м in font nullfont!
Missing character: There is no с in font nullfont!
Missing character: There is no л in font nullfont!
Missing character: There is no е in font nullfont!
Missing character: There is no д in font nullfont!
Missing character: There is no у in font nullfont!
Missing character: There is no ю in font nullfont!
Missing character: There is no щ in font nullfont!
Missing character: There is no у in font nullfont!
Missing character: There is no ю in font nullfont!
Missing character: There is no к in font nullfont!
Missing character: There is no о in font nullfont!
Missing character: There is no д in font nullfont!
Missing character: There is no о in font nullfont!
Missing character: There is no в in font nullfont!
Missing character: There is no у in font nullfont!
Missing character: There is no ю in font nullfont!
Missing character: There is no т in font nullfont!
Missing character: There is no а in font nullfont!
Missing character: There is no б in font nullfont!
Missing character: There is no л in font nullfont!
Missing character: There is no и in font nullfont!
Missing character: There is no ц in font nullfont!
Missing character: There is no у in font nullfont!
Missing character: There is no : in font nullfont!

! LaTeX Error: No counter 'table' defined.

See the LaTeX manual or LaTeX Companion for explanation.
Type  H <return>  for immediate help.
 ...                                              
                                                  
l.67 \setcounter{table}{2}
                          
Your command was ignored.
Type  I <command> <return>  to replace it with another command,
or  <return>  to continue without it.


! LaTeX Error: Environment table undefined.

See the LaTeX manual or LaTeX Companion for explanation.
Type  H <return>  for immediate help.
 ...                                              
                                                  
l.68 \begin{table}
                  [H]
Your command was ignored.
Type  I <command> <return>  to replace it with another command,
or  <return>  to continue without it.

Missing character: There is no [ in font nullfont!
Missing character: There is no H in font nullfont!
Missing character: There is no ] in font nullfont!

! LaTeX Error: \caption outside float.

See the LaTeX manual or LaTeX Companion for explanation.
Type  H <return>  for immediate help.
 ...                                              
                                                  
l.69 ^^I\caption
                {}
You're in trouble here.  Try typing  <return>  to proceed.
If that doesn't work, type  X <return>  to quit.


! LaTeX Error: Environment tabularx undefined.

See the LaTeX manual or LaTeX Companion for explanation.
Type  H <return>  for immediate help.
 ...                                              
                                                  
l.71 ^^I\begin{tabularx}
                        {\columnwidth}{|>{\centering\arraybackslash}X >{\cen...

Your command was ignored.
Type  I <command> <return>  to replace it with another command,
or  <return>  to continue without it.

! Missing number, treated as zero.
<to be read again> 
                   }
l.71 ^^I\begin{tabularx}{\columnwidth}
                                      {|>{\centering\arraybackslash}X >{\cen...
A number should have been here; I inserted `0'.
(If you can't figure out why I needed to see a number,
look up `weird error' in the index to The TeXbook.)

! Illegal unit of measure (pt inserted).
<to be read again> 
                   }
l.71 ^^I\begin{tabularx}{\columnwidth}
                                      {|>{\centering\arraybackslash}X >{\cen...
Dimensions can be in units of em, ex, in, pt, pc,
cm, mm, dd, cc, bp, or sp; but yours is a new one!
I'll assume that you meant to say pt, for printer's points.
To recover gracefully from this error, it's best to
delete the erroneous units; e.g., type `2' to delete
two letters. (See Chapter 27 of The TeXbook.)

Missing character: There is no | in font nullfont!
Missing character: There is no > in font nullfont!
! Undefined control sequence.
l.71 ...\columnwidth}{|>{\centering\arraybackslash
                                                  }X >{\centering\arraybacks...
The control sequence at the end of the top line
of your error message was never \def'ed. If you have
misspelled it (e.g., `\hobx'), type `I' and the correct
spelling (e.g., `I\hbox'). Otherwise just continue,
and I'll forget about whatever was undefined.

Missing character: There is no X in font nullfont!
Missing character: There is no > in font nullfont!
! Undefined control sequence.
l.71 ...raybackslash}X >{\centering\arraybackslash
                                                  }X >{\centering\arraybacks...
The control sequence at the end of the top line
of your error message was never \def'ed. If you have
misspelled it (e.g., `\hobx'), type `I' and the correct
spelling (e.g., `I\hbox'). Otherwise just continue,
and I'll forget about whatever was undefined.

Missing character: There is no X in font nullfont!
Missing character: There is no > in font nullfont!
! Undefined control sequence.
l.71 ...raybackslash}X >{\centering\arraybackslash
                                                  }X >{\centering\arraybacks...
The control sequence at the end of the top line
of your error message was never \def'ed. If you have
misspelled it (e.g., `\hobx'), type `I' and the correct
spelling (e.g., `I\hbox'). Otherwise just continue,
and I'll forget about whatever was undefined.

Missing character: There is no X in font nullfont!
Missing character: There is no > in font nullfont!
! Undefined control sequence.
l.71 ...raybackslash}X >{\centering\arraybackslash
                                                  }X |}
The control sequence at the end of the top line
of your error message was never \def'ed. If you have
misspelled it (e.g., `\hobx'), type `I' and the correct
spelling (e.g., `I\hbox'). Otherwise just continue,
and I'll forget about whatever was undefined.

Missing character: There is no X in font nullfont!
Missing character: There is no | in font nullfont!
! Misplaced \noalign.
\hline ->\noalign 
                  {\ifnum 0=`}\fi \hrule \@height \arrayrulewidth \futurelet...
l.72 ^^I^^I\hline
                 
I expect to see \noalign only after the \cr of
an alignment. Proceed, and I'll ignore this case.


! LaTeX Error: Missing \begin{document}.

See the LaTeX manual or LaTeX Companion for explanation.
Type  H <return>  for immediate help.
 ...                                              
                                                  
l.73 ^^I^^I$
            A_1$ & $A_2$ & $A_3$ & $A_4$ \\
You're in trouble here.  Try typing  <return>  to proceed.
If that doesn't work, type  X <return>  to quit.

! Misplaced alignment tab character &.
l.73 ^^I^^I$A_1$ &
                   $A_2$ & $A_3$ & $A_4$ \\
I can't figure out why you would want to use a tab mark
here. If you just want an ampersand, the remedy is
simple: Just type `I\&' now. But if some right brace
up above has ended a previous alignment prematurely,
you're probably due for more error messages, and you
might try typing `S' now just to see what is salvageable.

! Misplaced alignment tab character &.
l.73 ^^I^^I$A_1$ & $A_2$ &
                           $A_3$ & $A_4$ \\
I can't figure out why you would want to use a tab mark
here. If you just want an ampersand, the remedy is
simple: Just type `I\&' now. But if some right brace
up above has ended a previous alignment prematurely,
you're probably due for more error messages, and you
might try typing `S' now just to see what is salvageable.

! Misplaced alignment tab character &.
l.73 ^^I^^I$A_1$ & $A_2$ & $A_3$ &
                                   $A_4$ \\
I can't figure out why you would want to use a tab mark
here. If you just want an ampersand, the remedy is
simple: Just type `I\&' now. But if some right brace
up above has ended a previous alignment prematurely,
you're probably due for more error messages, and you
might try typing `S' now just to see what is salvageable.

! Misplaced \noalign.
\hline ->\noalign 
                  {\ifnum 0=`}\fi \hrule \@height \arrayrulewidth \futurelet...
l.74 ^^I^^I\hline
                 
I expect to see \noalign only after the \cr of
an alignment. Proceed, and I'll ignore this case.


! LaTeX Error: Missing \begin{document}.

See the LaTeX manual or LaTeX Companion for explanation.
Type  H <return>  for immediate help.
 ...                                              
                                                  
l.75 ^^I^^I0
             & 10 & 110 & 111 \\
You're in trouble here.  Try typing  <return>  to proceed.
If that doesn't work, type  X <return>  to quit.

Missing character: There is no 0 in font nullfont!
! Misplaced alignment tab character &.
l.75 ^^I^^I0 &
               10 & 110 & 111 \\
I can't figure out why you would want to use a tab mark
here. If you just want an ampersand, the remedy is
simple: Just type `I\&' now. But if some right brace
up above has ended a previous alignment prematurely,
you're probably due for more error messages, and you
might try typing `S' now just to see what is salvageable.

Missing character: There is no 1 in font nullfont!
Missing character: There is no 0 in font nullfont!
! Misplaced alignment tab character &.
l.75 ^^I^^I0 & 10 &
                    110 & 111 \\
I can't figure out why you would want to use a tab mark
here. If you just want an ampersand, the remedy is
simple: Just type `I\&' now. But if some right brace
up above has ended a previous alignment prematurely,
you're probably due for more error messages, and you
might try typing `S' now just to see what is salvageable.

Missing character: There is no 1 in font nullfont!
Missing character: There is no 1 in font nullfont!
Missing character: There is no 0 in font nullfont!
! Misplaced alignment tab character &.
l.75 ^^I^^I0 & 10 & 110 &
                          111 \\
I can't figure out why you would want to use a tab mark
here. If you just want an ampersand, the remedy is
simple: Just type `I\&' now. But if some right brace
up above has ended a previous alignment prematurely,
you're probably due for more error messages, and you
might try typing `S' now just to see what is salvageable.

Missing character: There is no 1 in font nullfont!
Missing character: There is no 1 in font nullfont!
Missing character: There is no 1 in font nullfont!
! Misplaced \noalign.
\hline ->\noalign 
                  {\ifnum 0=`}\fi \hrule \@height \arrayrulewidth \futurelet...
l.76 ^^I^^I\hline
                 
I expect to see \noalign only after the \cr of
an alignment. Proceed, and I'll ignore this case.


! LaTeX Error: \begin{document} ended by \end{tabularx}.

See the LaTeX manual or LaTeX Companion for explanation.
Type  H <return>  for immediate help.
 ...                                              
                                                  
l.77 ^^I\end{tabularx}
                      
Your command was ignored.
Type  I <command> <return>  to replace it with another command,
or  <return>  to continue without it.


! LaTeX Error: \begin{document} ended by \end{table}.

See the LaTeX manual or LaTeX Companion for explanation.
Type  H <return>  for immediate help.
 ...                                              
                                                  
l.79 \end{table}
                
Your command was ignored.
Type  I <command> <return>  to replace it with another command,
or  <return>  to continue without it.


! LaTeX Error: Missing \begin{document}.

See the LaTeX manual or LaTeX Companion for explanation.
Type  H <return>  for immediate help.
 ...                                              
                                                  
l.80 \noindent
              
You're in trouble here.  Try typing  <return>  to proceed.
If that doesn't work, type  X <return>  to quit.

Missing character: There is no И in font nullfont!
Missing character: There is no м in font nullfont!
Missing character: There is no е in font nullfont!
Missing character: There is no н in font nullfont!
Missing character: There is no н in font nullfont!
Missing character: There is no о in font nullfont!
Missing character: There is no т in font nullfont!
Missing character: There is no а in font nullfont!
Missing character: There is no к in font nullfont!
Missing character: There is no о in font nullfont!
Missing character: There is no й in font nullfont!
Missing character: There is no с in font nullfont!
Missing character: There is no п in font nullfont!
Missing character: There is no о in font nullfont!
Missing character: There is no с in font nullfont!
Missing character: There is no о in font nullfont!
Missing character: There is no б in font nullfont!
Missing character: There is no к in font nullfont!
Missing character: There is no о in font nullfont!
Missing character: There is no д in font nullfont!
Missing character: There is no и in font nullfont!
Missing character: There is no р in font nullfont!
Missing character: There is no о in font nullfont!
Missing character: There is no в in font nullfont!
Missing character: There is no а in font nullfont!
Missing character: There is no н in font nullfont!
Missing character: There is no и in font nullfont!
Missing character: There is no я in font nullfont!
Missing character: There is no п in font nullfont!
Missing character: There is no р in font nullfont!
Missing character: There is no е in font nullfont!
Missing character: There is no д in font nullfont!
Missing character: There is no л in font nullfont!
Missing character: There is no о in font nullfont!
Missing character: There is no ж in font nullfont!
Missing character: There is no и in font nullfont!
Missing character: There is no л in font nullfont!
Missing character: There is no Ф in font nullfont!
Missing character: There is no а in font nullfont!
Missing character: There is no н in font nullfont!
Missing character: There is no о in font nullfont!
Missing character: There is no . in font nullfont!
Missing character: There is no В in font nullfont!
Missing character: There is no о in font nullfont!
Missing character: There is no з in font nullfont!
Missing character: There is no н in font nullfont!
Missing character: There is no и in font nullfont!
Missing character: There is no к in font nullfont!
Missing character: There is no а in font nullfont!
Missing character: There is no е in font nullfont!
Missing character: There is no т in font nullfont!
Missing character: There is no в in font nullfont!
Missing character: There is no о in font nullfont!
Missing character: There is no п in font nullfont!
Missing character: There is no р in font nullfont!
Missing character: There is no о in font nullfont!
Missing character: There is no с in font nullfont!
Missing character: There is no , in font nullfont!
Missing character: There is no ч in font nullfont!
Missing character: There is no т in font nullfont!
Missing character: There is no о in font nullfont!
Missing character: There is no ж in font nullfont!
Missing character: There is no е in font nullfont!
Missing character: There is no м in font nullfont!
Missing character: There is no ы in font nullfont!
Missing character: There is no в in font nullfont!
Missing character: There is no ы in font nullfont!
Missing character: There is no й in font nullfont!
Missing character: There is no г in font nullfont!
Missing character: There is no р in font nullfont!
Missing character: There is no а in font nullfont!
Missing character: There is no л in font nullfont!
Missing character: There is no и in font nullfont!
Missing character: There is no п in font nullfont!
Missing character: There is no о in font nullfont!
Missing character: There is no с in font nullfont!
Missing character: There is no р in font nullfont!
Missing character: There is no а in font nullfont!
Missing character: There is no в in font nullfont!
Missing character: There is no н in font nullfont!
Missing character: There is no е in font nullfont!
Missing character: There is no н in font nullfont!
Missing character: There is no и in font nullfont!
Missing character: There is no ю in font nullfont!
Missing character: There is no с in font nullfont!
Missing character: There is no р in font nullfont!
Missing character: There is no а in font nullfont!
Missing character: There is no в in font nullfont!
Missing character: There is no н in font nullfont!
Missing character: There is no о in font nullfont!
Missing character: There is no м in font nullfont!
Missing character: There is no е in font nullfont!
Missing character: There is no р in font nullfont!
Missing character: There is no н in font nullfont!
Missing character: There is no ы in font nullfont!
Missing character: There is no м in font nullfont!
Missing character: There is no к in font nullfont!
Missing character: There is no о in font nullfont!
Missing character: There is no д in font nullfont!
Missing character: There is no о in font nullfont!
Missing character: There is no м in font nullfont!
Missing character: There is no , in font nullfont!
Missing character: There is no п in font nullfont!
Missing character: There is no р in font nullfont!
Missing character: There is no и in font nullfont!
Missing character: There is no м in font nullfont!
Missing character: There is no е in font nullfont!
Missing character: There is no н in font nullfont!
Missing character: There is no и in font nullfont!
Missing character: There is no в in font nullfont!
Missing character: There is no к in font nullfont!
Missing character: There is no о in font nullfont!
Missing character: There is no д in font nullfont!
Missing character: There is no Ф in font nullfont!
Missing character: There is no а in font nullfont!
Missing character: There is no н in font nullfont!
Missing character: There is no о in font nullfont!
Missing character: There is no ? in font nullfont!
Missing character: There is no Ч in font nullfont!
Missing character: There is no т in font nullfont!
Missing character: There is no о in font nullfont!
Missing character: There is no б in font nullfont!
Missing character: There is no ы in font nullfont!
Missing character: There is no о in font nullfont!
Missing character: There is no т in font nullfont!
Missing character: There is no в in font nullfont!
Missing character: There is no е in font nullfont!
Missing character: There is no т in font nullfont!
Missing character: There is no и in font nullfont!
Missing character: There is no т in font nullfont!
Missing character: There is no ь in font nullfont!
Missing character: There is no н in font nullfont!
Missing character: There is no а in font nullfont!
Missing character: There is no н in font nullfont!
Missing character: There is no е in font nullfont!
Missing character: There is no г in font nullfont!
Missing character: There is no о in font nullfont!
Missing character: There is no , in font nullfont!
Missing character: There is no п in font nullfont!
Missing character: There is no р in font nullfont!
Missing character: There is no е in font nullfont!
Missing character: There is no д in font nullfont!
Missing character: There is no с in font nullfont!
Missing character: There is no т in font nullfont!
Missing character: There is no а in font nullfont!
Missing character: There is no в in font nullfont!
Missing character: There is no и in font nullfont!
Missing character: There is no м in font nullfont!
Missing character: There is no , in font nullfont!
Missing character: There is no ч in font nullfont!
Missing character: There is no т in font nullfont!
Missing character: There is no о in font nullfont!
Missing character: There is no н in font nullfont!
Missing character: There is no е in font nullfont!
Missing character: There is no п in font nullfont!
Missing character: There is no р in font nullfont!
Missing character: There is no е in font nullfont!
Missing character: There is no р in font nullfont!
Missing character: There is no ы in font nullfont!
Missing character: There is no в in font nullfont!
Missing character: There is no н in font nullfont!
Missing character: There is no ы in font nullfont!
Missing character: There is no м in font nullfont!
Missing character: There is no п in font nullfont!
Missing character: There is no о in font nullfont!
Missing character: There is no т in font nullfont!
Missing character: There is no о in font nullfont!
Missing character: There is no к in font nullfont!
Missing character: There is no о in font nullfont!
Missing character: There is no м in font nullfont!
Missing character: There is no п in font nullfont!
Missing character: There is no е in font nullfont!
Missing character: There is no р in font nullfont!
Missing character: There is no е in font nullfont!
Missing character: There is no д in font nullfont!
Missing character: There is no а in font nullfont!
Missing character: There is no ю in font nullfont!
Missing character: There is no т in font nullfont!
Missing character: There is no с in font nullfont!
Missing character: There is no я in font nullfont!
Missing character: There is no с in font nullfont!
Missing character: There is no о in font nullfont!
Missing character: There is no о in font nullfont!
Missing character: There is no б in font nullfont!
Missing character: There is no щ in font nullfont!
Missing character: There is no е in font nullfont!
Missing character: There is no н in font nullfont!
Missing character: There is no и in font nullfont!
Missing character: There is no я in font nullfont!
Missing character: There is no , in font nullfont!
Missing character: There is no , in font nullfont!
Missing character: There is no , in font nullfont!
Missing character: There is no - in font nullfont!
Missing character: There is no - in font nullfont!
Missing character: There is no - in font nullfont!
Missing character: There is no в in font nullfont!
Missing character: There is no с in font nullfont!
Missing character: There is no е in font nullfont!
Missing character: There is no г in font nullfont!
Missing character: There is no о in font nullfont!
Missing character: There is no 1 in font nullfont!
Missing character: There is no 0 in font nullfont!
Missing character: There is no 0 in font nullfont!
Missing character: There is no 0 in font nullfont!
Missing character: There is no с in font nullfont!
Missing character: There is no о in font nullfont!
Missing character: There is no о in font nullfont!
Missing character: There is no б in font nullfont!
Missing character: There is no щ in font nullfont!
Missing character: There is no е in font nullfont!
Missing character: There is no н in font nullfont!
Missing character: There is no и in font nullfont!
Missing character: There is no й in font nullfont!
Missing character: There is no . in font nullfont!
Missing character: There is no П in font nullfont!
Missing character: There is no о in font nullfont!
Missing character: There is no с in font nullfont!
Missing character: There is no ч in font nullfont!
Missing character: There is no и in font nullfont!
Missing character: There is no т in font nullfont!
Missing character: There is no а in font nullfont!
Missing character: There is no е in font nullfont!
Missing character: There is no м in font nullfont!
Missing character: There is no , in font nullfont!
Missing character: There is no с in font nullfont!
Missing character: There is no к in font nullfont!
Missing character: There is no о in font nullfont!
Missing character: There is no л in font nullfont!
Missing character: There is no ь in font nullfont!
Missing character: There is no к in font nullfont!
Missing character: There is no о in font nullfont!
Missing character: There is no п in font nullfont!
Missing character: There is no о in font nullfont!
Missing character: There is no т in font nullfont!
Missing character: There is no р in font nullfont!
Missing character: There is no е in font nullfont!
Missing character: There is no б in font nullfont!
Missing character: There is no у in font nullfont!
Missing character: There is no е in font nullfont!
Missing character: There is no т in font nullfont!
Missing character: There is no с in font nullfont!
Missing character: There is no я in font nullfont!
Missing character: There is no п in font nullfont!
Missing character: There is no о in font nullfont!
Missing character: There is no т in font nullfont!
Missing character: There is no р in font nullfont!
Missing character: There is no а in font nullfont!
Missing character: There is no т in font nullfont!
Missing character: There is no и in font nullfont!
Missing character: There is no т in font nullfont!
Missing character: There is no ь in font nullfont!
Missing character: There is no д in font nullfont!
Missing character: There is no в in font nullfont!
Missing character: There is no о in font nullfont!
Missing character: There is no и in font nullfont!
Missing character: There is no ч in font nullfont!
Missing character: There is no н in font nullfont!
Missing character: There is no ы in font nullfont!
Missing character: There is no х in font nullfont!
Missing character: There is no с in font nullfont!
Missing character: There is no и in font nullfont!
Missing character: There is no м in font nullfont!
Missing character: There is no в in font nullfont!
Missing character: There is no о in font nullfont!
Missing character: There is no л in font nullfont!
Missing character: There is no о in font nullfont!
Missing character: There is no в in font nullfont!
Missing character: There is no д in font nullfont!
Missing character: There is no л in font nullfont!
Missing character: There is no я in font nullfont!
Missing character: There is no и in font nullfont!
Missing character: There is no х in font nullfont!
Missing character: There is no п in font nullfont!
Missing character: There is no е in font nullfont!
Missing character: There is no р in font nullfont!
Missing character: There is no е in font nullfont!
Missing character: There is no д in font nullfont!
Missing character: There is no а in font nullfont!
Missing character: There is no ч in font nullfont!
Missing character: There is no и in font nullfont!
Missing character: There is no п in font nullfont!
Missing character: There is no р in font nullfont!
Missing character: There is no и in font nullfont!
Missing character: There is no п in font nullfont!
Missing character: There is no е in font nullfont!
Missing character: There is no р in font nullfont!
Missing character: There is no в in font nullfont!
Missing character: There is no о in font nullfont!
Missing character: There is no м in font nullfont!
Missing character: There is no и in font nullfont!
Missing character: There is no в in font nullfont!
Missing character: There is no т in font nullfont!
Missing character: There is no о in font nullfont!
Missing character: There is no р in font nullfont!
Missing character: There is no о in font nullfont!
Missing character: There is no м in font nullfont!
Missing character: There is no с in font nullfont!
Missing character: There is no п in font nullfont!
Missing character: There is no о in font nullfont!
Missing character: There is no с in font nullfont!
Missing character: There is no о in font nullfont!
Missing character: There is no б in font nullfont!
Missing character: There is no е in font nullfont!
Missing character: There is no к in font nullfont!
Missing character: There is no о in font nullfont!
Missing character: There is no д in font nullfont!
Missing character: There is no и in font nullfont!
Missing character: There is no р in font nullfont!
Missing character: There is no о in font nullfont!
Missing character: There is no в in font nullfont!
Missing character: There is no а in font nullfont!
Missing character: There is no н in font nullfont!
Missing character: There is no и in font nullfont!
Missing character: There is no я in font nullfont!
Missing character: There is no . in font nullfont!

! LaTeX Error: Missing \begin{document}.

See the LaTeX manual or LaTeX Companion for explanation.
Type  H <return>  for immediate help.
 ...                                              
                                                  
l.83 К
      ак правило, не в нашей власти полностью устранить источник ошибки. Как...

You're in trouble here.  Try typing  <return>  to proceed.
If that doesn't work, type  X <return>  to quit.

Missing character: There is no К in font nullfont!
Missing character: There is no а in font nullfont!
Missing character: There is no к in font nullfont!
Missing character: There is no п in font nullfont!
Missing character: There is no р in font nullfont!
Missing character: There is no а in font nullfont!
Missing character: There is no в in font nullfont!
Missing character: There is no и in font nullfont!
Missing character: There is no л in font nullfont!
Missing character: There is no о in font nullfont!
Missing character: There is no , in font nullfont!
Missing character: There is no н in font nullfont!
Missing character: There is no е in font nullfont!
Missing character: There is no в in font nullfont!
Missing character: There is no н in font nullfont!
Missing character: There is no а in font nullfont!
Missing character: There is no ш in font nullfont!
Missing character: There is no е in font nullfont!
Missing character: There is no й in font nullfont!
Missing character: There is no в in font nullfont!
Missing character: There is no л in font nullfont!
Missing character: There is no а in font nullfont!
Missing character: There is no с in font nullfont!
Missing character: There is no т in font nullfont!
Missing character: There is no и in font nullfont!
Missing character: There is no п in font nullfont!
Missing character: There is no о in font nullfont!
Missing character: There is no л in font nullfont!
Missing character: There is no н in font nullfont!
Missing character: There is no о in font nullfont!
Missing character: There is no с in font nullfont!
Missing character: There is no т in font nullfont!
Missing character: There is no ь in font nullfont!
Missing character: There is no ю in font nullfont!
Missing character: There is no у in font nullfont!
Missing character: There is no с in font nullfont!
Missing character: There is no т in font nullfont!
Missing character: There is no р in font nullfont!
Missing character: There is no а in font nullfont!
Missing character: There is no н in font nullfont!
Missing character: There is no и in font nullfont!
Missing character: There is no т in font nullfont!
Missing character: There is no ь in font nullfont!
Missing character: There is no и in font nullfont!
Missing character: There is no с in font nullfont!
Missing character: There is no т in font nullfont!
Missing character: There is no о in font nullfont!
Missing character: There is no ч in font nullfont!
Missing character: There is no н in font nullfont!
Missing character: There is no и in font nullfont!
Missing character: There is no к in font nullfont!
Missing character: There is no о in font nullfont!
Missing character: There is no ш in font nullfont!
Missing character: There is no и in font nullfont!
Missing character: There is no б in font nullfont!
Missing character: There is no к in font nullfont!
Missing character: There is no и in font nullfont!
Missing character: There is no . in font nullfont!
Missing character: There is no К in font nullfont!
Missing character: There is no а in font nullfont!
Missing character: There is no к in font nullfont!
Missing character: There is no ж in font nullfont!
Missing character: There is no е in font nullfont!
Missing character: There is no т in font nullfont!
Missing character: There is no о in font nullfont!
Missing character: There is no г in font nullfont!
Missing character: There is no д in font nullfont!
Missing character: There is no а in font nullfont!
Missing character: There is no у in font nullfont!
Missing character: There is no б in font nullfont!
Missing character: There is no е in font nullfont!
Missing character: There is no р in font nullfont!
Missing character: There is no е in font nullfont!
Missing character: There is no ч in font nullfont!
Missing character: There is no ь in font nullfont!
Missing character: There is no с in font nullfont!
Missing character: There is no я in font nullfont!
Missing character: There is no о in font nullfont!
Missing character: There is no т in font nullfont!
Missing character: There is no и in font nullfont!
Missing character: There is no х in font nullfont!
Missing character: There is no в in font nullfont!
Missing character: There is no л in font nullfont!
Missing character: There is no и in font nullfont!
Missing character: There is no я in font nullfont!
Missing character: There is no н in font nullfont!
Missing character: There is no и in font nullfont!
Missing character: There is no я in font nullfont!
Missing character: There is no и in font nullfont!
Missing character: There is no в in font nullfont!
Missing character: There is no о in font nullfont!
Missing character: There is no з in font nullfont!
Missing character: There is no м in font nullfont!
Missing character: There is no о in font nullfont!
Missing character: There is no ж in font nullfont!
Missing character: There is no н in font nullfont!
Missing character: There is no о in font nullfont!
Missing character: There is no л in font nullfont!
Missing character: There is no и in font nullfont!
Missing character: There is no э in font nullfont!
Missing character: There is no т in font nullfont!
Missing character: There is no о in font nullfont!
Missing character: There is no в in font nullfont!
Missing character: There is no о in font nullfont!
Missing character: There is no о in font nullfont!
Missing character: There is no б in font nullfont!
Missing character: There is no щ in font nullfont!
Missing character: There is no е in font nullfont!
Missing character: There is no ? in font nullfont!
Missing character: There is no А in font nullfont!
Missing character: There is no е in font nullfont!
Missing character: There is no с in font nullfont!
Missing character: There is no л in font nullfont!
Missing character: There is no и in font nullfont!
Missing character: There is no в in font nullfont!
Missing character: There is no о in font nullfont!
Missing character: There is no з in font nullfont!
Missing character: There is no м in font nullfont!
Missing character: There is no о in font nullfont!
Missing character: There is no ж in font nullfont!
Missing character: There is no н in font nullfont!
Missing character: There is no о in font nullfont!
Missing character: There is no , in font nullfont!
Missing character: There is no т in font nullfont!
Missing character: There is no о in font nullfont!
Missing character: There is no к in font nullfont!
Missing character: There is no а in font nullfont!
Missing character: There is no к in font nullfont!
Missing character: There is no о in font nullfont!
Missing character: There is no й in font nullfont!
Missing character: There is no ц in font nullfont!
Missing character: There is no е in font nullfont!
Missing character: There is no н in font nullfont!
Missing character: There is no о in font nullfont!
Missing character: There is no й in font nullfont!
Missing character: There is no ? in font nullfont!

! LaTeX Error: Missing \begin{document}.

See the LaTeX manual or LaTeX Companion for explanation.
Type  H <return>  for immediate help.
 ...                                              
                                                  
l.84 \par О
           казывается, такие возможности --- обнаруживать ошибки и даже их и...

You're in trouble here.  Try typing  <return>  to proceed.
If that doesn't work, type  X <return>  to quit.

Missing character: There is no О in font nullfont!
Missing character: There is no к in font nullfont!
Missing character: There is no а in font nullfont!
Missing character: There is no з in font nullfont!
Missing character: There is no ы in font nullfont!
Missing character: There is no в in font nullfont!
Missing character: There is no а in font nullfont!
Missing character: There is no е in font nullfont!
Missing character: There is no т in font nullfont!
Missing character: There is no с in font nullfont!
Missing character: There is no я in font nullfont!
Missing character: There is no , in font nullfont!
Missing character: There is no т in font nullfont!
Missing character: There is no а in font nullfont!
Missing character: There is no к in font nullfont!
Missing character: There is no и in font nullfont!
Missing character: There is no е in font nullfont!
Missing character: There is no в in font nullfont!
Missing character: There is no о in font nullfont!
Missing character: There is no з in font nullfont!
Missing character: There is no м in font nullfont!
Missing character: There is no о in font nullfont!
Missing character: There is no ж in font nullfont!
Missing character: There is no н in font nullfont!
Missing character: There is no о in font nullfont!
Missing character: There is no с in font nullfont!
Missing character: There is no т in font nullfont!
Missing character: There is no и in font nullfont!
Missing character: There is no - in font nullfont!
Missing character: There is no - in font nullfont!
Missing character: There is no - in font nullfont!
Missing character: There is no о in font nullfont!
Missing character: There is no б in font nullfont!
Missing character: There is no н in font nullfont!
Missing character: There is no а in font nullfont!
Missing character: There is no р in font nullfont!
Missing character: There is no у in font nullfont!
Missing character: There is no ж in font nullfont!
Missing character: There is no и in font nullfont!
Missing character: There is no в in font nullfont!
Missing character: There is no а in font nullfont!
Missing character: There is no т in font nullfont!
Missing character: There is no ь in font nullfont!
Missing character: There is no о in font nullfont!
Missing character: There is no ш in font nullfont!
Missing character: There is no и in font nullfont!
Missing character: There is no б in font nullfont!
Missing character: There is no к in font nullfont!
Missing character: There is no и in font nullfont!
Missing character: There is no и in font nullfont!
Missing character: There is no д in font nullfont!
Missing character: There is no а in font nullfont!
Missing character: There is no ж in font nullfont!
Missing character: There is no е in font nullfont!
Missing character: There is no и in font nullfont!
Missing character: There is no х in font nullfont!
Missing character: There is no и in font nullfont!
Missing character: There is no с in font nullfont!
Missing character: There is no п in font nullfont!
Missing character: There is no р in font nullfont!
Missing character: There is no а in font nullfont!
Missing character: There is no в in font nullfont!
Missing character: There is no л in font nullfont!
Missing character: There is no я in font nullfont!
Missing character: There is no т in font nullfont!
Missing character: There is no ь in font nullfont!
Missing character: There is no - in font nullfont!
Missing character: There is no - in font nullfont!
Missing character: There is no - in font nullfont!
Missing character: There is no и in font nullfont!
Missing character: There is no м in font nullfont!
Missing character: There is no е in font nullfont!
Missing character: There is no ю in font nullfont!
Missing character: There is no т in font nullfont!
Missing character: There is no с in font nullfont!
Missing character: There is no я in font nullfont!
Missing character: There is no . in font nullfont!
Missing character: There is no Н in font nullfont!
Missing character: There is no о in font nullfont!
Missing character: There is no н in font nullfont!
Missing character: There is no е in font nullfont!
Missing character: There is no и in font nullfont!
Missing character: There is no з in font nullfont!
Missing character: There is no б in font nullfont!
Missing character: There is no е in font nullfont!
Missing character: There is no ж in font nullfont!
Missing character: There is no н in font nullfont!
Missing character: There is no о in font nullfont!
Missing character: There is no й in font nullfont!
Missing character: There is no п in font nullfont!
Missing character: There is no л in font nullfont!
Missing character: There is no а in font nullfont!
Missing character: There is no т in font nullfont!
Missing character: There is no о in font nullfont!
Missing character: There is no й in font nullfont!
Missing character: There is no з in font nullfont!
Missing character: There is no а in font nullfont!
Missing character: There is no э in font nullfont!
Missing character: There is no т in font nullfont!
Missing character: There is no о in font nullfont!
Missing character: There is no я in font nullfont!
Missing character: There is no в in font nullfont!
Missing character: There is no л in font nullfont!
Missing character: There is no я in font nullfont!
Missing character: There is no е in font nullfont!
Missing character: There is no т in font nullfont!
Missing character: There is no с in font nullfont!
Missing character: There is no я in font nullfont!
Missing character: There is no у in font nullfont!
Missing character: There is no д in font nullfont!
Missing character: There is no л in font nullfont!
Missing character: There is no и in font nullfont!
Missing character: There is no н in font nullfont!
Missing character: There is no е in font nullfont!
Missing character: There is no н in font nullfont!
Missing character: There is no и in font nullfont!
Missing character: There is no е in font nullfont!
Missing character: There is no к in font nullfont!
Missing character: There is no о in font nullfont!
Missing character: There is no д in font nullfont!
Missing character: There is no о in font nullfont!
Missing character: There is no в in font nullfont!
Missing character: There is no ы in font nullfont!
Missing character: There is no х in font nullfont!
Missing character: There is no с in font nullfont!
Missing character: There is no л in font nullfont!
Missing character: There is no о in font nullfont!
Missing character: There is no в in font nullfont!
Missing character: There is no , in font nullfont!
Missing character: There is no т in font nullfont!
Missing character: There is no о in font nullfont!
Missing character: There is no е in font nullfont!
Missing character: There is no с in font nullfont!
Missing character: There is no т in font nullfont!
Missing character: There is no ь in font nullfont!
Missing character: There is no д in font nullfont!
Missing character: There is no о in font nullfont!
Missing character: There is no б in font nullfont!
Missing character: There is no а in font nullfont!
Missing character: There is no в in font nullfont!
Missing character: There is no л in font nullfont!
Missing character: There is no е in font nullfont!
Missing character: There is no н in font nullfont!
Missing character: There is no и in font nullfont!
Missing character: There is no е in font nullfont!
Missing character: There is no н in font nullfont!
Missing character: There is no е in font nullfont!
Missing character: There is no к in font nullfont!
Missing character: There is no о in font nullfont!
Missing character: There is no т in font nullfont!
Missing character: There is no о in font nullfont!
Missing character: There is no р in font nullfont!
Missing character: There is no о in font nullfont!
Missing character: There is no г in font nullfont!
Missing character: There is no о in font nullfont!
Missing character: There is no ч in font nullfont!
Missing character: There is no и in font nullfont!
Missing character: There is no с in font nullfont!
Missing character: There is no л in font nullfont!
Missing character: There is no а in font nullfont!
Missing character: There is no с in font nullfont!
Missing character: There is no и in font nullfont!
Missing character: There is no м in font nullfont!
Missing character: There is no в in font nullfont!
Missing character: There is no о in font nullfont!
Missing character: There is no л in font nullfont!
Missing character: There is no о in font nullfont!
Missing character: There is no в in font nullfont!
Missing character: There is no . in font nullfont!
Missing character: There is no Э in font nullfont!
Missing character: There is no т in font nullfont!
Missing character: There is no и in font nullfont!
Missing character: There is no с in font nullfont!
Missing character: There is no и in font nullfont!
Missing character: There is no м in font nullfont!
Missing character: There is no в in font nullfont!
Missing character: There is no о in font nullfont!
Missing character: There is no л in font nullfont!
Missing character: There is no ы in font nullfont!
Missing character: There is no у in font nullfont!
Missing character: There is no ж in font nullfont!
Missing character: There is no е in font nullfont!
Missing character: There is no н in font nullfont!
Missing character: There is no е in font nullfont!
Missing character: There is no н in font nullfont!
Missing character: There is no е in font nullfont!
Missing character: There is no с in font nullfont!
Missing character: There is no у in font nullfont!
Missing character: There is no т in font nullfont!
Missing character: There is no и in font nullfont!
Missing character: There is no н in font nullfont!
Missing character: There is no ф in font nullfont!
Missing character: There is no о in font nullfont!
Missing character: There is no р in font nullfont!
Missing character: There is no м in font nullfont!
Missing character: There is no а in font nullfont!
Missing character: There is no ц in font nullfont!
Missing character: There is no и in font nullfont!
Missing character: There is no и in font nullfont!
Missing character: There is no о in font nullfont!
Missing character: There is no п in font nullfont!
Missing character: There is no е in font nullfont!
Missing character: There is no р in font nullfont!
Missing character: There is no е in font nullfont!
Missing character: There is no д in font nullfont!
Missing character: There is no а in font nullfont!
Missing character: There is no в in font nullfont!
Missing character: There is no а in font nullfont!
Missing character: There is no е in font nullfont!
Missing character: There is no м in font nullfont!
Missing character: There is no ы in font nullfont!
Missing character: There is no х in font nullfont!
Missing character: There is no с in font nullfont!
Missing character: There is no о in font nullfont!
Missing character: There is no о in font nullfont!
Missing character: There is no б in font nullfont!
Missing character: There is no щ in font nullfont!
Missing character: There is no е in font nullfont!
Missing character: There is no н in font nullfont!
Missing character: There is no и in font nullfont!
Missing character: There is no я in font nullfont!
Missing character: There is no , in font nullfont!
Missing character: There is no н in font nullfont!
Missing character: There is no о in font nullfont!
Missing character: There is no м in font nullfont!
Missing character: There is no о in font nullfont!
Missing character: There is no г in font nullfont!
Missing character: There is no у in font nullfont!
Missing character: There is no т in font nullfont!
Missing character: There is no д in font nullfont!
Missing character: There is no а in font nullfont!
Missing character: There is no т in font nullfont!
Missing character: There is no ь in font nullfont!
Missing character: There is no и in font nullfont!
Missing character: There is no н in font nullfont!
Missing character: There is no ф in font nullfont!
Missing character: There is no о in font nullfont!
Missing character: There is no р in font nullfont!
Missing character: There is no м in font nullfont!
Missing character: There is no а in font nullfont!
Missing character: There is no ц in font nullfont!
Missing character: There is no и in font nullfont!
Missing character: There is no ю in font nullfont!
Missing character: There is no о in font nullfont!
Missing character: There is no п in font nullfont!
Missing character: There is no р in font nullfont!
Missing character: There is no о in font nullfont!
Missing character: There is no и in font nullfont!
Missing character: There is no с in font nullfont!
Missing character: There is no ш in font nullfont!
Missing character: There is no е in font nullfont!
Missing character: There is no д in font nullfont!
Missing character: There is no ш in font nullfont!
Missing character: There is no и in font nullfont!
Missing character: There is no х in font nullfont!
Missing character: There is no п in font nullfont!
Missing character: There is no р in font nullfont!
Missing character: There is no и in font nullfont!
Missing character: There is no п in font nullfont!
Missing character: There is no е in font nullfont!
Missing character: There is no р in font nullfont!
Missing character: There is no е in font nullfont!
Missing character: There is no д in font nullfont!
Missing character: There is no а in font nullfont!
Missing character: There is no ч in font nullfont!
Missing character: There is no е in font nullfont!
Missing character: There is no о in font nullfont!
Missing character: There is no ш in font nullfont!
Missing character: There is no и in font nullfont!
Missing character: There is no б in font nullfont!
Missing character: There is no к in font nullfont!
Missing character: There is no а in font nullfont!
Missing character: There is no х in font nullfont!
Missing character: There is no . in font nullfont!
Missing character: There is no И in font nullfont!
Missing character: There is no н in font nullfont!
Missing character: There is no ы in font nullfont!
Missing character: There is no м in font nullfont!
Missing character: There is no и in font nullfont!
Missing character: There is no с in font nullfont!
Missing character: There is no л in font nullfont!
Missing character: There is no о in font nullfont!
Missing character: There is no в in font nullfont!
Missing character: There is no а in font nullfont!
Missing character: There is no м in font nullfont!
Missing character: There is no и in font nullfont!
Missing character: There is no , in font nullfont!
Missing character: There is no и in font nullfont!
Missing character: There is no х in font nullfont!
Missing character: There is no н in font nullfont!
Missing character: There is no а in font nullfont!
Missing character: There is no з in font nullfont!
Missing character: There is no н in font nullfont!
Missing character: There is no а in font nullfont!
Missing character: There is no ч in font nullfont!
Missing character: There is no е in font nullfont!
Missing character: There is no н in font nullfont!
Missing character: There is no и in font nullfont!
Missing character: There is no е in font nullfont!
Missing character: There is no - in font nullfont!
Missing character: There is no - in font nullfont!
Missing character: There is no - in font nullfont!
Missing character: There is no к in font nullfont!
Missing character: There is no о in font nullfont!
Missing character: There is no н in font nullfont!
Missing character: There is no т in font nullfont!
Missing character: There is no р in font nullfont!
Missing character: There is no о in font nullfont!
Missing character: There is no л in font nullfont!
Missing character: There is no и in font nullfont!
Missing character: There is no р in font nullfont!
Missing character: There is no о in font nullfont!
Missing character: There is no в in font nullfont!
Missing character: There is no а in font nullfont!
Missing character: There is no т in font nullfont!
Missing character: There is no ь in font nullfont!
Missing character: There is no п in font nullfont!
Missing character: There is no р in font nullfont!
Missing character: There is no а in font nullfont!
Missing character: There is no в in font nullfont!
Missing character: There is no и in font nullfont!
Missing character: There is no л in font nullfont!
Missing character: There is no ь in font nullfont!
Missing character: There is no н in font nullfont!
Missing character: There is no о in font nullfont!
Missing character: There is no с in font nullfont!
Missing character: There is no т in font nullfont!
Missing character: There is no ь in font nullfont!
Missing character: There is no п in font nullfont!
Missing character: There is no е in font nullfont!
Missing character: There is no р in font nullfont!
Missing character: There is no е in font nullfont!
Missing character: There is no д in font nullfont!
Missing character: There is no а in font nullfont!
Missing character: There is no ч in font nullfont!
Missing character: There is no и in font nullfont!
Missing character: There is no к in font nullfont!
Missing character: There is no о in font nullfont!
Missing character: There is no д in font nullfont!
Missing character: There is no о in font nullfont!
Missing character: There is no в in font nullfont!
Missing character: There is no о in font nullfont!
Missing character: There is no г in font nullfont!
Missing character: There is no о in font nullfont!
Missing character: There is no с in font nullfont!
Missing character: There is no л in font nullfont!
Missing character: There is no о in font nullfont!
Missing character: There is no в in font nullfont!
Missing character: There is no а in font nullfont!
Missing character: There is no . in font nullfont!
Missing character: There is no В in font nullfont!
Missing character: There is no в in font nullfont!
Missing character: There is no о in font nullfont!
Missing character: There is no д in font nullfont!
Missing character: There is no и in font nullfont!
Missing character: There is no м in font nullfont!
Missing character: There is no ы in font nullfont!
Missing character: There is no е in font nullfont!
Missing character: There is no д in font nullfont!
Missing character: There is no о in font nullfont!
Missing character: There is no п in font nullfont!
Missing character: There is no о in font nullfont!
Missing character: There is no л in font nullfont!
Missing character: There is no н in font nullfont!
Missing character: There is no и in font nullfont!
Missing character: There is no т in font nullfont!
Missing character: There is no е in font nullfont!
Missing character: There is no л in font nullfont!
Missing character: There is no ь in font nullfont!
Missing character: There is no н in font nullfont!
Missing character: There is no ы in font nullfont!
Missing character: There is no е in font nullfont!
Missing character: There is no с in font nullfont!
Missing character: There is no и in font nullfont!
Missing character: There is no м in font nullfont!
Missing character: There is no в in font nullfont!
Missing character: There is no о in font nullfont!
Missing character: There is no л in font nullfont!
Missing character: There is no ы in font nullfont!
Missing character: There is no т in font nullfont!
Missing character: There is no а in font nullfont!
Missing character: There is no к in font nullfont!
Missing character: There is no и in font nullfont!
Missing character: There is no н in font nullfont!
Missing character: There is no а in font nullfont!
Missing character: There is no з in font nullfont!
Missing character: There is no ы in font nullfont!
Missing character: There is no в in font nullfont!
Missing character: There is no а in font nullfont!
Missing character: There is no ю in font nullfont!
Missing character: There is no т in font nullfont!
Missing character: There is no к in font [lmroman10-italic]:mapping=tex-text;!
Missing character: There is no о in font [lmroman10-italic]:mapping=tex-text;!
Missing character: There is no н in font [lmroman10-italic]:mapping=tex-text;!
Missing character: There is no т in font [lmroman10-italic]:mapping=tex-text;!
Missing character: There is no р in font [lmroman10-italic]:mapping=tex-text;!
Missing character: There is no о in font [lmroman10-italic]:mapping=tex-text;!
Missing character: There is no л in font [lmroman10-italic]:mapping=tex-text;!
Missing character: There is no ь in font [lmroman10-italic]:mapping=tex-text;!
Missing character: There is no н in font [lmroman10-italic]:mapping=tex-text;!
Missing character: There is no ы in font [lmroman10-italic]:mapping=tex-text;!
Missing character: There is no м in font [lmroman10-italic]:mapping=tex-text;!
Missing character: There is no и in font [lmroman10-italic]:mapping=tex-text;!
Missing character: There is no ( in font nullfont!
Missing character: There is no и in font nullfont!
Missing character: There is no л in font nullfont!
Missing character: There is no и in font nullfont!
Missing character: There is no п in font [lmroman10-italic]:mapping=tex-text;!
Missing character: There is no р in font [lmroman10-italic]:mapping=tex-text;!
Missing character: There is no о in font [lmroman10-italic]:mapping=tex-text;!
Missing character: There is no в in font [lmroman10-italic]:mapping=tex-text;!
Missing character: There is no е in font [lmroman10-italic]:mapping=tex-text;!
Missing character: There is no р in font [lmroman10-italic]:mapping=tex-text;!
Missing character: There is no о in font [lmroman10-italic]:mapping=tex-text;!
Missing character: There is no ч in font [lmroman10-italic]:mapping=tex-text;!
Missing character: There is no н in font [lmroman10-italic]:mapping=tex-text;!
Missing character: There is no ы in font [lmroman10-italic]:mapping=tex-text;!
Missing character: There is no м in font [lmroman10-italic]:mapping=tex-text;!
Missing character: There is no и in font [lmroman10-italic]:mapping=tex-text;!
Missing character: There is no ) in font nullfont!
! Undefined control sequence.
l.86 \newgeometry
                 {left=1.5cm, right=1.5cm, top=1.5cm, bottom=1.5cm}
The control sequence at the end of the top line
of your error message was never \def'ed. If you have
misspelled it (e.g., `\hobx'), type `I' and the correct
spelling (e.g., `I\hbox'). Otherwise just continue,
and I'll forget about whatever was undefined.


! LaTeX Error: Missing \begin{document}.

See the LaTeX manual or LaTeX Companion for explanation.
Type  H <return>  for immediate help.
 ...                                              
                                                  
l.86 \newgeometry{l
                   eft=1.5cm, right=1.5cm, top=1.5cm, bottom=1.5cm}
You're in trouble here.  Try typing  <return>  to proceed.
If that doesn't work, type  X <return>  to quit.

Missing character: There is no l in font nullfont!
Missing character: There is no e in font nullfont!
Missing character: There is no f in font nullfont!
Missing character: There is no t in font nullfont!
Missing character: There is no = in font nullfont!
Missing character: There is no 1 in font nullfont!
Missing character: There is no . in font nullfont!
Missing character: There is no 5 in font nullfont!
Missing character: There is no c in font nullfont!
Missing character: There is no m in font nullfont!
Missing character: There is no , in font nullfont!
Missing character: There is no r in font nullfont!
Missing character: There is no i in font nullfont!
Missing character: There is no g in font nullfont!
Missing character: There is no h in font nullfont!
Missing character: There is no t in font nullfont!
Missing character: There is no = in font nullfont!
Missing character: There is no 1 in font nullfont!
Missing character: There is no . in font nullfont!
Missing character: There is no 5 in font nullfont!
Missing character: There is no c in font nullfont!
Missing character: There is no m in font nullfont!
Missing character: There is no , in font nullfont!
Missing character: There is no t in font nullfont!
Missing character: There is no o in font nullfont!
Missing character: There is no p in font nullfont!
Missing character: There is no = in font nullfont!
Missing character: There is no 1 in font nullfont!
Missing character: There is no . in font nullfont!
Missing character: There is no 5 in font nullfont!
Missing character: There is no c in font nullfont!
Missing character: There is no m in font nullfont!
Missing character: There is no , in font nullfont!
Missing character: There is no b in font nullfont!
Missing character: There is no o in font nullfont!
Missing character: There is no t in font nullfont!
Missing character: There is no t in font nullfont!
Missing character: There is no o in font nullfont!
Missing character: There is no m in font nullfont!
Missing character: There is no = in font nullfont!
Missing character: There is no 1 in font nullfont!
Missing character: There is no . in font nullfont!
Missing character: There is no 5 in font nullfont!
Missing character: There is no c in font nullfont!
Missing character: There is no m in font nullfont!
)
! Emergency stop.
<*> ./page.tex
              
*** (job aborted, no legal \end found)

 
Here is how much of TeX's memory you used:
 43 strings out of 402987
 922 string characters out of 5447695
 434388 words of memory out of 5000000
 28832 multiletter control sequences out of 15000+600000
 627745 words of font info for 43 fonts, out of 8000000 for 9000
 1348 hyphenation exceptions out of 8191
 24i,5n,22p,552b,119s stack positions out of 10000i,1000n,20000p,200000b,200000s
Output written on page.pdf (2 pages).
